-- phpMyAdmin SQL Dump
-- version 4.9.2
-- https://www.phpmyadmin.net/
--
-- Host: 127.0.0.1:3308
-- Generation Time: Sep 16, 2020 at 01:20 PM
-- Server version: 8.0.18
-- PHP Version: 7.3.12

SET SQL_MODE = "NO_AUTO_VALUE_ON_ZERO";
SET AUTOCOMMIT = 0;
START TRANSACTION;
SET time_zone = "+00:00";


/*!40101 SET @OLD_CHARACTER_SET_CLIENT=@@CHARACTER_SET_CLIENT */;
/*!40101 SET @OLD_CHARACTER_SET_RESULTS=@@CHARACTER_SET_RESULTS */;
/*!40101 SET @OLD_COLLATION_CONNECTION=@@COLLATION_CONNECTION */;
/*!40101 SET NAMES utf8mb4 */;

--
-- Database: `leads`
--

-- --------------------------------------------------------

--
-- Table structure for table `admin`
--

DROP TABLE IF EXISTS `admin`;
CREATE TABLE IF NOT EXISTS `admin` (
  `id` int(11) NOT NULL AUTO_INCREMENT,
  `name` varchar(255) CHARACTER SET utf32 COLLATE utf32_unicode_ci NOT NULL,
  `username` varchar(255) CHARACTER SET utf32 COLLATE utf32_unicode_ci NOT NULL,
  `password` varchar(255) CHARACTER SET utf32 COLLATE utf32_unicode_ci NOT NULL,
  PRIMARY KEY (`id`)
) ENGINE=MyISAM AUTO_INCREMENT=2 DEFAULT CHARSET=utf32 COLLATE=utf32_unicode_ci;

--
-- Dumping data for table `admin`
--

INSERT INTO `admin` (`id`, `name`, `username`, `password`) VALUES
(1, 'Gaurav', 'gaurav.mute@gmail.com', '12345');

-- --------------------------------------------------------

--
-- Table structure for table `api_service`
--

DROP TABLE IF EXISTS `api_service`;
CREATE TABLE IF NOT EXISTS `api_service` (
  `id` int(11) NOT NULL AUTO_INCREMENT,
  `name` varchar(255) COLLATE utf32_unicode_ci NOT NULL,
  `delay_between_posts` varchar(255) COLLATE utf32_unicode_ci NOT NULL,
  `auth_token` varchar(255) COLLATE utf32_unicode_ci NOT NULL,
  `url` varchar(255) COLLATE utf32_unicode_ci NOT NULL,
  `hook_type` int(11) NOT NULL,
  PRIMARY KEY (`id`)
) ENGINE=MyISAM AUTO_INCREMENT=9 DEFAULT CHARSET=utf32 COLLATE=utf32_unicode_ci;

--
-- Dumping data for table `api_service`
--

INSERT INTO `api_service` (`id`, `name`, `delay_between_posts`, `auth_token`, `url`, `hook_type`) VALUES
(1, 'CLEAR_OUT_API', '1', 'vlrkjhtigiuhendwbeiuriuew', 'https://api.clearout.io/v2/email_verify/instant', 1),
(2, 'CLEAR_PHONE_API', '2', 'sajbddsafsdfgrrstgrsfgrsg', 'https://api.clearoutphone.io/v1/phonenumber/validate', 2),
(3, 'ZAPIER_BUSINESS_CAMPAGIN', '3', 'werwefweffefed', 'https://api.clearoutphone.io/v1/phonenumber/validate', 3),
(4, 'ZAPIER_EDU_FREE_MAIL', '4', 'fsedsgfdffgdfgdfgfdgrd', 'https://api.clearoutphone.io/v1/phonenumber/validate', 4),
(5, 'ZAPIER_EDU_COMPAGIN', '5', 'cvybiunefewfef', 'https://api.clearoutphone.io/v1/phonenumber/validate', 5),
(6, 'ZAPIER_HOME_CAMPAGIN', '6', 'fewefwefwefewfwefewfef', 'https://api.clearoutphone.io/v1/phonenumber/validate', 6),
(7, 'ZAPIER_RESEARCH_TASK_CAMPAGIN', '7', 'edtrfgyhujiko', 'https://api.clearoutphone.io/v1/phonenumber/validate', 7),
(8, 'ZAPIER_CALL_TASK_CAMPAGIN', '8', 'okay', 'https://api.clearoutphone.io/v1/phonenumber/validate', 8);

-- --------------------------------------------------------

--
-- Table structure for table `async_record_processor_data`
--

DROP TABLE IF EXISTS `async_record_processor_data`;
CREATE TABLE IF NOT EXISTS `async_record_processor_data` (
  `id` int(11) NOT NULL AUTO_INCREMENT,
  `batch_id` int(11) NOT NULL,
  `brand_id` int(11) NOT NULL,
  `original_row` longtext CHARACTER SET utf32 COLLATE utf32_unicode_ci NOT NULL,
  `processed` tinyint(1) NOT NULL,
  PRIMARY KEY (`id`)
) ENGINE=MyISAM AUTO_INCREMENT=108 DEFAULT CHARSET=utf32 COLLATE=utf32_unicode_ci;

--
-- Dumping data for table `async_record_processor_data`
--

INSERT INTO `async_record_processor_data` (`id`, `batch_id`, `brand_id`, `original_row`, `processed`) VALUES
(1, 1, 1, '{\"A\":\"Damian\",\"B\":\"SketchUp\",\"C\":\"Argentina\",\"D\":\"None\",\"E\":\"7070079702\",\"F\":\"Engineering\",\"G\":\"2020-07-08\",\"H\":\"palomanesd@gmail.com\"}', 1),
(2, 1, 1, '{\"A\":\"Lucio\",\"B\":\"Autocad\",\"C\":\"Argentina\",\"D\":\"Universidad Tecnol\\u00f3gica Nacional\",\"E\":\"1144188057\",\"F\":\"Engineering\",\"G\":\"2020-07-09\",\"H\":\"lcoiro@est.frba.utn.edu.ar\"}', 1),
(3, 1, 1, '{\"A\":\"Eber\",\"B\":\"Other\",\"C\":\"Argentina\",\"D\":\"EDcustom\",\"E\":null,\"F\":\"Independent Designer\",\"G\":\"2020-07-09\",\"H\":\"ed_custom@outlook.com\"}', 1),
(4, 1, 1, '{\"A\":\"Mariano\",\"B\":\"Blender\",\"C\":\"Argentina\",\"D\":\"MarianoFermosel\",\"E\":\"+5492615257156\",\"F\":\"Independent Designer\",\"G\":\"2020-07-09\",\"H\":\"dimarianof@gmail.com\"}', 1),
(5, 1, 1, '{\"A\":\"David\",\"B\":\"SolidWorks\",\"C\":\"Colombia\",\"D\":\"UNAL\",\"E\":\"350264398\",\"F\":\"Education\",\"G\":\"2020-07-13\",\"H\":\"dajicentral@gmail.com\"}', 1),
(6, 1, 1, '{\"A\":\"Juan\",\"B\":\"Rhino\",\"C\":\"Colombia\",\"D\":\"niguna\",\"E\":\"3153320622\",\"F\":\"Education\",\"G\":\"2020-07-13\",\"H\":\"jhenao95@gmail.com\"}', 1),
(7, 1, 1, '{\"A\":\"anyello\",\"B\":\"Marvelous Designer\",\"C\":\"Colombia\",\"D\":\"lafayette\",\"E\":\"3115695045\",\"F\":\"Design Firm\",\"G\":\"2020-07-13\",\"H\":\"makoseven@hotmail.com\"}', 1),
(8, 1, 1, '{\"A\":\"Johan\",\"B\":\"SketchUp\",\"C\":\"Costa Rica\",\"D\":\"GN\",\"E\":\"8364-5360\",\"F\":\"Design Firm\",\"G\":\"2020-07-12\",\"H\":\"doblevisual@gmail.com\"}', 1),
(9, 1, 1, '{\"A\":\"Sindy\",\"B\":\"Artcam\",\"C\":\"Costa Rica\",\"D\":\"134000461919\",\"E\":\"71814286\",\"F\":\"Medical\",\"G\":\"2020-07-14\",\"H\":\"sindyrovelo@gmail.com\"}', 1),
(10, 1, 1, '{\"A\":\"Gianella\",\"B\":\"Rhino\",\"C\":\"Peru\",\"D\":\"UPC\",\"E\":\"986914370\",\"F\":\"Architecture\",\"G\":\"2020-07-09\",\"H\":\"gianella0306@hotmail.com\"}', 1),
(11, 1, 1, '{\"A\":\"VIDAL NINA LOAIZA\",\"B\":\"Rhino\",\"C\":\"Peru\",\"D\":\"TOLOUSE LAUTREC\",\"E\":\"+51 945540847\",\"F\":\"Education\",\"G\":\"2020-07-09\",\"H\":\"vdalrubn@hotmail.com\"}', 1),
(12, 2, 2, '{\"A\":\"Damian\",\"B\":\"Palomanes\",\"C\":\"SketchUp\",\"D\":\"Argentina\",\"E\":\"None\",\"F\":null,\"G\":\"Engineering\",\"H\":\"2020-07-08\",\"I\":\"palomanesd@gmail.com\"}', 1),
(13, 2, 2, '{\"A\":\"Lucio\",\"B\":\"Coiro\",\"C\":\"Autocad\",\"D\":\"Argentina\",\"E\":\"Universidad Tecnol\\u00f3gica Nacional\",\"F\":\"1144188057\",\"G\":\"Engineering\",\"H\":\"2020-07-09\",\"I\":\"lcoiro@est.frba.utn.edu.ar\"}', 1),
(14, 2, 2, '{\"A\":\"Eber\",\"B\":\"Derman\",\"C\":\"Other\",\"D\":\"Argentina\",\"E\":\"EDcustom\",\"F\":null,\"G\":\"Independent Designer\",\"H\":\"2020-07-09\",\"I\":\"ed_custom@outlook.com\"}', 1),
(15, 2, 2, '{\"A\":\"Mariano\",\"B\":\"Fermosel\",\"C\":\"Blender\",\"D\":\"Argentina\",\"E\":\"MarianoFermosel\",\"F\":\"+5492615257156\",\"G\":\"Independent Designer\",\"H\":\"2020-07-09\",\"I\":\"dimarianof@gmail.com\"}', 1),
(16, 2, 2, '{\"A\":\"Rosario\",\"B\":\"Ben\",\"C\":\"Rhino\",\"D\":\"Argentina\",\"E\":\"Student\",\"F\":null,\"G\":\"Independent Designer\",\"H\":\"2020-07-10\",\"I\":\"rosarioben79@hotmail.com\"}', 1),
(17, 2, 2, '{\"A\":\"alezio\",\"B\":\"zunnio\",\"C\":\"CATIA\",\"D\":\"Argentina\",\"E\":\"magicalien\",\"F\":\"231715462610\",\"G\":\"Education\",\"H\":\"2020-07-10\",\"I\":\"alesiozunino3@gmail.com\"}', 1),
(18, 2, 2, '{\"A\":\"Federico\",\"B\":\"Davies\",\"C\":\"Rhino\",\"D\":\"Argentina\",\"E\":\"CyberWaifu\",\"F\":null,\"G\":\"Entertainment\",\"H\":\"2020-07-11\",\"I\":\"blaster16gales@gmail.com\"}', 1),
(19, 2, 2, '{\"A\":\"Josefina\",\"B\":\"Banchero\",\"C\":\"Shapr3D\",\"D\":\"Argentina\",\"E\":\"rotary\",\"F\":null,\"G\":\"Education\",\"H\":\"2020-07-11\",\"I\":\"jose.banchero2@gmail.com\"}', 1),
(20, 2, 2, '{\"A\":\"Belen\",\"B\":\"Pelaez\",\"C\":\"Rhino\",\"D\":\"Argentina\",\"E\":\"Student\",\"F\":null,\"G\":\"Architecture\",\"H\":\"2020-07-11\",\"I\":\"belupelaez97@hotmail.com\"}', 1),
(21, 2, 2, '{\"A\":\"Lola\",\"B\":\"Torres\",\"C\":\"Fusion 360\",\"D\":\"Argentina\",\"E\":\"University\",\"F\":null,\"G\":\"Education\",\"H\":\"2020-07-11\",\"I\":\"lola19del3@gmail.com\"}', 1),
(22, 2, 2, '{\"A\":\"Delfina\",\"B\":\"Freude\",\"C\":\"SolidWorks\",\"D\":\"Argentina\",\"E\":\"student\",\"F\":null,\"G\":\"Independent Designer\",\"H\":\"2020-07-12\",\"I\":\"delfifreude@gmail.com\"}', 1),
(23, 2, 2, '{\"A\":\"Greta\",\"B\":\"Gutierrez\",\"C\":\"Rhino\",\"D\":\"Argentina\",\"E\":\"Student\",\"F\":null,\"G\":\"Architecture\",\"H\":\"2020-07-13\",\"I\":\"gregutierrezg@gmail.com\"}', 1),
(24, 2, 2, '{\"A\":\"Pablo\",\"B\":\"Albarracin\",\"C\":\"Maya\",\"D\":\"Argentina\",\"E\":\"UBA\",\"F\":null,\"G\":\"Education\",\"H\":\"2020-07-13\",\"I\":\"asapbeatz2k@gmail.com\"}', 1),
(25, 2, 2, '{\"A\":\"isco\",\"B\":\"casillas\",\"C\":\"Fusion 360\",\"D\":\"Argentina\",\"E\":\"up\",\"F\":\"1150372549\",\"G\":\"Independent Designer\",\"H\":\"2020-07-13\",\"I\":\"isco22casillas@gmail.com\"}', 1),
(26, 2, 2, '{\"A\":\"Francisco\",\"B\":\"Goapper\",\"C\":\"Onshape\",\"D\":\"Argentina\",\"E\":\"UBA\",\"F\":\"11260857\",\"G\":\"Engineering\",\"H\":\"2020-07-13\",\"I\":\"fgoapper@fi.uba.ar\"}', 1),
(27, 2, 2, '{\"A\":\"Marcos\",\"B\":\"Rio\",\"C\":\"Blender\",\"D\":\"Argentina\",\"E\":\"IDK\",\"F\":\"12345678\",\"G\":\"Education\",\"H\":\"2020-07-13\",\"I\":\"hiano_pkp@hotmail.com\"}', 1),
(28, 2, 2, '{\"A\":\"Pedro\",\"B\":\"Rosales\",\"C\":\"Rhino\",\"D\":\"Argentina\",\"E\":\"Aflux\",\"F\":\"02616186769\",\"G\":\"Independent Designer\",\"H\":\"2020-07-14\",\"I\":\"em.h2.pedrorosales@gmail.com\"}', 1),
(29, 2, 2, '{\"A\":\"Melissa\",\"B\":\"Leon\",\"C\":\"SketchUp\",\"D\":\"Argentina\",\"E\":\"FastBuilding\",\"F\":null,\"G\":\"Architecture\",\"H\":\"2020-07-14\",\"I\":\"leonp.melissa@gmail.com\"}', 1),
(30, 2, 2, '{\"A\":\"roberto\",\"B\":\"Lema\",\"C\":\"Fusion 360\",\"D\":\"Argentina\",\"E\":\"UPSO\",\"F\":\"02914860267\",\"G\":\"Education\",\"H\":\"2020-07-14\",\"I\":\"robertlema87@gmail.com\"}', 1),
(31, 2, 2, '{\"A\":\"julieta\",\"B\":\"Calatayud\",\"C\":\"Rhino\",\"D\":\"Argentina\",\"E\":\"FADU\",\"F\":\"133943917\",\"G\":\"Entertainment\",\"H\":\"2020-07-14\",\"I\":\"julicalatayud@gmail.com\"}', 1),
(32, 2, 2, '{\"A\":\"Giuliana Ailen\",\"B\":\"Alessi Olguin\",\"C\":\"None\",\"D\":\"Argentina\",\"E\":\"Universidad Nacional de Cuyo\",\"F\":\"02613749895\",\"G\":\"Design Firm\",\"H\":\"2020-07-14\",\"I\":\"giuliana.alessi97@gmail.com\"}', 1),
(33, 2, 2, '{\"A\":\"Candela\",\"B\":\"Escribano\",\"C\":\"Rhino\",\"D\":\"Argentina\",\"E\":\"Student of UNMdP\",\"F\":null,\"G\":\"Education\",\"H\":\"2020-07-15\",\"I\":\"candeescribanoo@gmail.com\"}', 1),
(34, 2, 2, '{\"A\":\"Marcos Leonel\",\"B\":\"Jaurena\",\"C\":\"SolidWorks\",\"D\":\"Argentina\",\"E\":\"D.D.T.I.\",\"F\":\"2344505440\",\"G\":\"Manufacturing\",\"H\":\"2020-07-15\",\"I\":\"ddti.jaurena@gmail.com\"}', 1),
(35, 2, 2, '{\"A\":\"fg\",\"B\":\"fd\",\"C\":\"Maya\",\"D\":\"Argentina\",\"E\":\"fd\",\"F\":\"65203\",\"G\":\"Architecture\",\"H\":\"2020-07-15\",\"I\":\"francastro98@hotmail.com\"}', 1),
(36, 2, 2, '{\"A\":\"fgn\",\"B\":\"fghn\",\"C\":\"Maya\",\"D\":\"Argentina\",\"E\":\"hfnjd\",\"F\":\"65203\",\"G\":\"Apparel\",\"H\":\"2020-07-15\",\"I\":\"francastroba@gmail.com\"}', 1),
(37, 2, 2, '{\"A\":\"eze\",\"B\":\"hel\",\"C\":\"Fusion 360\",\"D\":\"Argentina\",\"E\":\"Cuarta Dimension\",\"F\":\"11 30486368\",\"G\":\"Toys\",\"H\":\"2020-07-16\",\"I\":\"ezehel01@gmail.com\"}', 1),
(38, 2, 2, '{\"A\":\"Hernan\",\"B\":\"Kirchuk\",\"C\":\"Rhino\",\"D\":\"Argentina\",\"E\":\"Studen\",\"F\":null,\"G\":\"Design Firm\",\"H\":\"2020-07-19\",\"I\":\"hernankirchuk@outlook.com\"}', 1),
(39, 2, 2, '{\"A\":\"AGUSTINA\",\"B\":\"MARQUEZ\",\"C\":\"Rhino\",\"D\":\"Argentina\",\"E\":\"STUDENT\",\"F\":null,\"G\":\"Education\",\"H\":\"2020-07-19\",\"I\":\"amagustinamarquez@gmail.com\"}', 1),
(40, 2, 2, '{\"A\":\"maia\",\"B\":\"lutteral\",\"C\":\"SolidWorks\",\"D\":\"Argentina\",\"E\":\"student\",\"F\":null,\"G\":\"Independent Designer\",\"H\":\"2020-07-19\",\"I\":\"maialutteral@gmail.com\"}', 1),
(41, 2, 2, '{\"A\":\"IGNACIO\",\"B\":\"HERRERA\",\"C\":\"SketchUp\",\"D\":\"Argentina\",\"E\":\"1982\",\"F\":\"0341152840679\",\"G\":\"Education\",\"H\":\"2020-07-20\",\"I\":\"nachoherrera@gmail.com\"}', 1),
(42, 2, 2, '{\"A\":\"matias\",\"B\":\"peralta\",\"C\":\"3ds Max\",\"D\":\"Argentina\",\"E\":\"dansa\",\"F\":\"11166293198\",\"G\":\"Electronics\",\"H\":\"2020-07-21\",\"I\":\"matiasperalta5@hotmail.com\"}', 1),
(43, 2, 2, '{\"A\":\"Allan\",\"B\":\"Carvalho\",\"C\":\"IronCAD\",\"D\":\"Brazil\",\"E\":\"None\",\"F\":\"980801009\",\"G\":\"Toys\",\"H\":\"2020-07-10\",\"I\":\"allanternaverde@gmail.com\"}', 1),
(44, 2, 2, '{\"A\":\"Andr\\u00e9\",\"B\":\"Fernandes\",\"C\":\"SolidWorks\",\"D\":\"Brazil\",\"E\":\"Beefolk Meadery\",\"F\":\"51999886568\",\"G\":\"Consumer Products\",\"H\":\"2020-07-14\",\"I\":\"andregomesfe@gmail.com\"}', 1),
(45, 2, 2, '{\"A\":\"andre\",\"B\":\"garcia\",\"C\":\"SketchUp\",\"D\":\"Brazil\",\"E\":\"a.g arquitetura\",\"F\":\"5511984323936\",\"G\":\"Architecture\",\"H\":\"2020-07-08\",\"I\":\"andy.gar44@gmail.com\"}', 1),
(46, 2, 2, '{\"A\":\"Ayala\",\"B\":\"Oliveira\",\"C\":\"SketchUp\",\"D\":\"Brazil\",\"E\":\"Estudante\",\"F\":null,\"G\":\"Architecture\",\"H\":\"2020-07-11\",\"I\":\"ayala.olv@hotmail.com\"}', 1),
(47, 2, 2, '{\"A\":\"Bruna\",\"B\":\"Taka\",\"C\":\"Other\",\"D\":\"Brazil\",\"E\":\"estudante\",\"F\":null,\"G\":\"Government\",\"H\":\"2020-07-12\",\"I\":\"bruna.takahashi@mjv.com.br\"}', 1),
(48, 2, 2, '{\"A\":\"BRUNO\",\"B\":\"DECONTO\",\"C\":\"Blender\",\"D\":\"Brazil\",\"E\":\"BRASIL\",\"F\":null,\"G\":\"Medical\",\"H\":\"2020-07-15\",\"I\":\"bruno_deconto@yahoo.com.br\"}', 1),
(49, 2, 2, '{\"A\":\"Caio\",\"B\":\"Cintra\",\"C\":\"Rhino\",\"D\":\"Brazil\",\"E\":\"BARAUNA\",\"F\":\"+5511997554477\",\"G\":\"Furniture\",\"H\":\"2020-07-16\",\"I\":\"caio93cintra@gmail.com\"}', 1),
(50, 2, 2, '{\"A\":\"carlos\",\"B\":\"cassio\",\"C\":\"SketchUp\",\"D\":\"Brazil\",\"E\":\"estudande\",\"F\":\"81985834098\",\"G\":\"Education\",\"H\":\"2020-07-17\",\"I\":\"carloskassywbass159@gmail.com\"}', 1),
(51, 2, 2, '{\"A\":\"Caroline\",\"B\":\"Correa\",\"C\":\"SolidWorks\",\"D\":\"Brazil\",\"E\":\"Unisinos\",\"F\":null,\"G\":\"Independent Designer\",\"H\":\"2020-07-12\",\"I\":\"carolcorream@gmail.com\"}', 1),
(52, 2, 2, '{\"A\":\"Moises de J.\",\"B\":\"Finamor\",\"C\":\"Rhino\",\"D\":\"Brazil\",\"E\":\"Estudante\",\"F\":\"11997540892\",\"G\":\"Defense \\/ Military\",\"H\":\"2020-07-16\",\"I\":\"cbmoisez@gmail.com\"}', 1),
(53, 2, 2, '{\"A\":\"Claudia\",\"B\":\"Chadalakian\",\"C\":\"Artcam\",\"D\":\"Brazil\",\"E\":\"Claudia Chadalakian\",\"F\":\"11987632565\",\"G\":\"Jewelry\",\"H\":\"2020-07-09\",\"I\":\"chada.clau@hotmail.com\"}', 1),
(54, 2, 2, '{\"A\":\"william\",\"B\":\"martins\",\"C\":\"SketchUp\",\"D\":\"Brazil\",\"E\":\"Martins ss\",\"F\":null,\"G\":\"Design Firm\",\"H\":\"2020-07-11\",\"I\":\"projetistawilliamm@gmail.com\"}', 1),
(55, 2, 2, '{\"A\":\"raphael\",\"B\":\"jean\",\"C\":\"SketchUp\",\"D\":\"Brazil\",\"E\":\"recriar\",\"F\":\"67991731403\",\"G\":\"Architecture\",\"H\":\"2020-07-15\",\"I\":\"rafaeljeann@gmail.com\"}', 1),
(56, 2, 2, '{\"A\":\"Renan\",\"B\":\"Costa\",\"C\":\"Marvelous Designer\",\"D\":\"Brazil\",\"E\":\"Brasil\",\"F\":null,\"G\":\"Design Firm\",\"H\":\"2020-07-17\",\"I\":\"reh_samba@hotmail.com\"}', 1),
(57, 2, 2, '{\"A\":\"Robson Lopes\",\"B\":\"Silva\",\"C\":\"SketchUp\",\"D\":\"Brazil\",\"E\":\"estudante\",\"F\":\"981781558\",\"G\":\"Architecture\",\"H\":\"2020-07-14\",\"I\":\"robsonlopesdasilva1995@gmail.com\"}', 1),
(58, 2, 2, '{\"A\":\"Rog\\u00e9rio\",\"B\":\"araujo\",\"C\":\"Other\",\"D\":\"Brazil\",\"E\":\"rogerio\",\"F\":\"988337614\",\"G\":\"Gaming\",\"H\":\"2020-07-08\",\"I\":\"rogerio_araujo_god@hotmail.com\"}', 1),
(59, 2, 2, '{\"A\":\"samuel\",\"B\":\"arantes\",\"C\":\"Blender\",\"D\":\"Brazil\",\"E\":\"student\",\"F\":null,\"G\":\"Software\",\"H\":\"2020-07-18\",\"I\":\"samuelpbi@hotmail.com\"}', 1),
(60, 2, 2, '{\"A\":\"shalana\",\"B\":\"pelicioli\",\"C\":\"SolidWorks\",\"D\":\"Brazil\",\"E\":\"ucs\",\"F\":null,\"G\":\"Design Firm\",\"H\":\"2020-07-11\",\"I\":\"shapelicioli@gmail.com\"}', 1),
(61, 2, 2, '{\"A\":\"Silas\",\"B\":\"Lima\",\"C\":\"None\",\"D\":\"Brazil\",\"E\":\"domestico\",\"F\":\"1123818163\",\"G\":\"Education\",\"H\":\"2020-07-16\",\"I\":\"silas_lima2@yahoo.com.br\"}', 1),
(62, 2, 2, '{\"A\":\"FRANK\",\"B\":\"MARTINS\",\"C\":\"Rhino\",\"D\":\"Brazil\",\"E\":\"STF\",\"F\":\"+5548991941506\",\"G\":\"Transportation - Boats, Yachts, Watercra\",\"H\":\"2020-07-17\",\"I\":\"studiofranknaval@gmail.com\"}', 1),
(63, 2, 2, '{\"A\":\"Ricardo\",\"B\":\"Prado\",\"C\":\"3ds Max\",\"D\":\"Brazil\",\"E\":\"talento cenografia\",\"F\":\"11986522155\",\"G\":\"Design Firm\",\"H\":\"2020-07-18\",\"I\":\"talentoprado@gmail.com\"}', 1),
(64, 2, 2, '{\"A\":\"Marcos\",\"B\":\"Quintal\",\"C\":\"ZBrush\",\"D\":\"Brazil\",\"E\":\"Kintal Geek Colecion\\u00e1veis\",\"F\":\"61998386053\",\"G\":\"Toys\",\"H\":\"2020-07-15\",\"I\":\"tanaghar@gmail.com\"}', 1),
(65, 2, 2, '{\"A\":\"Tiago\",\"B\":\"Silva\",\"C\":\"SolidWorks\",\"D\":\"Brazil\",\"E\":\"Residencial\",\"F\":\"29535111\",\"G\":\"Education\",\"H\":\"2020-07-20\",\"I\":\"titrento0@gmail.com\"}', 1),
(66, 2, 2, '{\"A\":\"gabriela\",\"B\":\"torres\",\"C\":\"SketchUp\",\"D\":\"Brazil\",\"E\":\"gtorres\",\"F\":\"+5513996057575\",\"G\":\"Design Firm\",\"H\":\"2020-07-09\",\"I\":\"tsantosgabriela@gmail.com\"}', 1),
(67, 2, 2, '{\"A\":\"Victor\",\"B\":\"Freitas\",\"C\":\"ZBrush\",\"D\":\"Brazil\",\"E\":\"me\",\"F\":\"85987023676\",\"G\":\"Education\",\"H\":\"2020-07-10\",\"I\":\"vi_vince@hotmail.com\"}', 1),
(68, 2, 2, '{\"A\":\"William\",\"B\":\"OLIVEIRA\",\"C\":\"SketchUp\",\"D\":\"Brazil\",\"E\":\"AZEVEDO\",\"F\":\"7592106018\",\"G\":\"Education\",\"H\":\"2020-07-17\",\"I\":\"wyllyam0.1hot@gmail.com\"}', 1),
(69, 2, 2, '{\"A\":\"Trinidad\",\"B\":\"Iribarne\",\"C\":\"Rhino\",\"D\":\"Chile\",\"E\":\"Duoc UC\",\"F\":\"950210484\",\"G\":\"Design Firm\",\"H\":\"2020-07-10\",\"I\":\"trinidadiribarne13@gmail.com\"}', 1),
(70, 2, 2, '{\"A\":\"Carlo Felipe\",\"B\":\"Valderrama\",\"C\":\"Rhino\",\"D\":\"Chile\",\"E\":\"Yo\",\"F\":\"+56994448097\",\"G\":\"Independent Designer\",\"H\":\"2020-07-11\",\"I\":\"cfvalderrama@gmail.com\"}', 1),
(71, 2, 2, '{\"A\":\"Elisa\",\"B\":\"Honorato\",\"C\":\"Fusion 360\",\"D\":\"Chile\",\"E\":\"universidad catolica\",\"F\":\"994541837\",\"G\":\"Education\",\"H\":\"2020-07-11\",\"I\":\"elisahonoratolira@uc.cl\"}', 1),
(72, 2, 2, '{\"A\":\"CAMILA\",\"B\":\"CARTES\",\"C\":\"Rhino\",\"D\":\"Chile\",\"E\":\"UNIVERSITY\",\"F\":\"990962563\",\"G\":\"Architecture\",\"H\":\"2020-07-11\",\"I\":\"dani.jequier@gmail.com\"}', 1),
(73, 2, 2, '{\"A\":\"trini\",\"B\":\"kantor\",\"C\":\"Fusion 360\",\"D\":\"Chile\",\"E\":\"universidad catolica\",\"F\":\"990100285\",\"G\":\"Furniture\",\"H\":\"2020-07-12\",\"I\":\"trinikantorl@gmail.com\"}', 1),
(74, 2, 2, '{\"A\":\"karla\",\"B\":\"araya\",\"C\":\"SketchUp\",\"D\":\"Chile\",\"E\":\"Universidad Finis Terrae\",\"F\":\"+56981567990\",\"G\":\"Photography\",\"H\":\"2020-07-12\",\"I\":\"karayar@uft.edu\"}', 1),
(75, 2, 2, '{\"A\":\"wellington\",\"B\":\"de lima\",\"C\":\"SketchUp\",\"D\":\"Chile\",\"E\":\"starpipo eventos\",\"F\":\"979009562\",\"G\":\"Architecture\",\"H\":\"2020-07-12\",\"I\":\"studio.ciclo@gmail.com\"}', 1),
(76, 2, 2, '{\"A\":\"Vicente Aguirre\",\"B\":\"Torres\",\"C\":\"Rhino\",\"D\":\"Chile\",\"E\":\"jakk\",\"F\":\"952561977\",\"G\":\"Education\",\"H\":\"2020-07-12\",\"I\":\"contacto@jakk.cl\"}', 1),
(77, 2, 2, '{\"A\":\"javiera\",\"B\":\"arriagada cid\",\"C\":\"3ds Max\",\"D\":\"Chile\",\"E\":\"educacion\",\"F\":\"930090040\",\"G\":\"Education\",\"H\":\"2020-07-13\",\"I\":\"javiera.arriagada0901@gmail.com\"}', 1),
(78, 2, 2, '{\"A\":\"nicolas\",\"B\":\"troncoso\",\"C\":\"Blender\",\"D\":\"Chile\",\"E\":\"udd\",\"F\":null,\"G\":\"Education\",\"H\":\"2020-07-15\",\"I\":\"n.troncoso@udd.cl\"}', 1),
(79, 2, 2, '{\"A\":\"Martin\",\"B\":\"Fuentealba\",\"C\":\"Rhino\",\"D\":\"Chile\",\"E\":\"Universidad de Chile\",\"F\":null,\"G\":\"Engineering\",\"H\":\"2020-07-16\",\"I\":\"martinfuentealbamorales@gmail.com\"}', 1),
(80, 2, 2, '{\"A\":\"Carla\",\"B\":\"Guzm\\u00e1n\",\"C\":\"Rhino\",\"D\":\"Chile\",\"E\":\"none\",\"F\":null,\"G\":\"Independent Designer\",\"H\":\"2020-07-19\",\"I\":\"carlyguzmanjara@gmail.com\"}', 1),
(81, 2, 2, '{\"A\":\"Daniela\",\"B\":\"Varas\",\"C\":\"SketchUp\",\"D\":\"Chile\",\"E\":\"DAVA\",\"F\":\"984299843\",\"G\":\"Architecture\",\"H\":\"2020-07-20\",\"I\":\"contacto@dava.cl\"}', 1),
(82, 2, 2, '{\"A\":\"Sebastian\",\"B\":\"Mariangel\",\"C\":\"Inventor\",\"D\":\"Chile\",\"E\":\"none\",\"F\":null,\"G\":\"Furniture\",\"H\":\"2020-07-21\",\"I\":\"semagut@ug.uchile.cl\"}', 1),
(83, 2, 2, '{\"A\":\"David\",\"B\":\"Jimenez\",\"C\":\"SolidWorks\",\"D\":\"Colombia\",\"E\":\"UNAL\",\"F\":\"350264398\",\"G\":\"Education\",\"H\":\"2020-07-13\",\"I\":\"dajicentral@gmail.com\"}', 1),
(84, 2, 2, '{\"A\":\"Juan\",\"B\":\"Henao\",\"C\":\"Rhino\",\"D\":\"Colombia\",\"E\":\"niguna\",\"F\":\"3153320622\",\"G\":\"Education\",\"H\":\"2020-07-13\",\"I\":\"jhenao95@gmail.com\"}', 1),
(85, 2, 2, '{\"A\":\"anyello\",\"B\":\"pineda\",\"C\":\"Marvelous Designer\",\"D\":\"Colombia\",\"E\":\"lafayette\",\"F\":\"3115695045\",\"G\":\"Design Firm\",\"H\":\"2020-07-13\",\"I\":\"makoseven@hotmail.com\"}', 1),
(86, 2, 2, '{\"A\":\"Daniel\",\"B\":\"C\\u00e9spedes\",\"C\":\"SolidWorks\",\"D\":\"Colombia\",\"E\":\"Escuela Tecnologica instituto Tecnico Central\",\"F\":\"3013270127\",\"G\":\"Independent Designer\",\"H\":\"2020-07-13\",\"I\":\"danielchristopulos345@gmail.com\"}', 1),
(87, 2, 2, '{\"A\":\"felipe\",\"B\":\"torres\",\"C\":\"SketchUp\",\"D\":\"Colombia\",\"E\":\"unversidad del valle\",\"F\":\"3014446499\",\"G\":\"Design Firm\",\"H\":\"2020-07-14\",\"I\":\"ivankaramazov68@gmail.com\"}', 1),
(88, 2, 2, '{\"A\":\"David\",\"B\":\"Macias\",\"C\":\"ZBrush\",\"D\":\"Colombia\",\"E\":\"none\",\"F\":\"3185980532\",\"G\":\"Gaming\",\"H\":\"2020-07-15\",\"I\":\"davidfmc777@gmail.com\"}', 1),
(89, 2, 2, '{\"A\":\"federico\",\"B\":\"lopez\",\"C\":\"Cinema 4D\",\"D\":\"Colombia\",\"E\":\"fvisuals\",\"F\":\"3173642624\",\"G\":\"Medical\",\"H\":\"2020-07-15\",\"I\":\"flopezm12@outlook.com\"}', 1),
(90, 2, 2, '{\"A\":\"maria\",\"B\":\"benitez\",\"C\":\"Rhino\",\"D\":\"Colombia\",\"E\":\"universiddad el bosque\",\"F\":\"3022058700\",\"G\":\"Education\",\"H\":\"2020-07-17\",\"I\":\"mlbenitez@unbosque.edu.co\"}', 1),
(91, 2, 2, '{\"A\":\"Sergio\",\"B\":\"Sotelo\",\"C\":\"Autocad\",\"D\":\"Colombia\",\"E\":\"Estudio Xue\",\"F\":\"3195040629\",\"G\":\"Packaging\",\"H\":\"2020-07-17\",\"I\":\"sergioandressotelo@gmail.com\"}', 1),
(92, 2, 2, '{\"A\":\"Angel\",\"B\":\"Vargas\",\"C\":\"Solid Edge\",\"D\":\"Colombia\",\"E\":\"Particular\",\"F\":\"3108195500\",\"G\":\"Independent Designer\",\"H\":\"2020-07-18\",\"I\":\"angelvalo@hotmail.com\"}', 1),
(93, 2, 2, '{\"A\":\"Celso\",\"B\":\"Solano\",\"C\":\"SketchUp\",\"D\":\"Colombia\",\"E\":\"EO TECHOS SA\",\"F\":\"6403380\",\"G\":\"Architecture\",\"H\":\"2020-07-18\",\"I\":\"ceagsopa@gmail.com\"}', 1),
(94, 2, 2, '{\"A\":\"Catalina\",\"B\":\"Pardo\",\"C\":\"SketchUp\",\"D\":\"Colombia\",\"E\":\"Catalina Pardo Arquitectura\",\"F\":\"3173023174\",\"G\":\"Architecture\",\"H\":\"2020-07-18\",\"I\":\"catalina.pardo68@gmail.com\"}', 1),
(95, 2, 2, '{\"A\":\"Mayra\",\"B\":\"Alejandra\",\"C\":\"Maya\",\"D\":\"Colombia\",\"E\":\"SailorBomber\",\"F\":null,\"G\":\"Design Firm\",\"H\":\"2020-07-19\",\"I\":\"mayra.2014@hotmail.com\"}', 1),
(96, 2, 2, '{\"A\":\"fabio\",\"B\":\"Acevedo\",\"C\":\"ZBrush\",\"D\":\"Colombia\",\"E\":\"Exion\",\"F\":\"3053622874\",\"G\":\"Design Firm\",\"H\":\"2020-07-20\",\"I\":\"ligth.zero@gmail.com\"}', 1),
(97, 2, 2, '{\"A\":\"marcela\",\"B\":\"alvarez\",\"C\":\"PTC Creo\",\"D\":\"Colombia\",\"E\":\"none\",\"F\":\"3207218400\",\"G\":\"Engineering\",\"H\":\"2020-07-20\",\"I\":\"marcear0598@hotmail.com\"}', 1),
(98, 2, 2, '{\"A\":\"Johan\",\"B\":\"Barrantes\",\"C\":\"SketchUp\",\"D\":\"Costa Rica\",\"E\":\"GN\",\"F\":\"8364-5360\",\"G\":\"Design Firm\",\"H\":\"2020-07-12\",\"I\":\"doblevisual@gmail.com\"}', 1),
(99, 2, 2, '{\"A\":\"Sindy\",\"B\":\"Rovelo Rios\",\"C\":\"Artcam\",\"D\":\"Costa Rica\",\"E\":\"134000461919\",\"F\":\"71814286\",\"G\":\"Medical\",\"H\":\"2020-07-14\",\"I\":\"sindyrovelo@gmail.com\"}', 1),
(100, 2, 2, '{\"A\":\"Gianella\",\"B\":\"Villegas\",\"C\":\"Rhino\",\"D\":\"Peru\",\"E\":\"UPC\",\"F\":\"986914370\",\"G\":\"Architecture\",\"H\":\"2020-07-09\",\"I\":\"gianella0306@hotmail.com\"}', 1),
(101, 2, 2, '{\"A\":\"VIDAL NINA LOAIZA\",\"B\":\"NINA LOAIZA\",\"C\":\"Rhino\",\"D\":\"Peru\",\"E\":\"TOLOUSE LAUTREC\",\"F\":\"+51 945540847\",\"G\":\"Education\",\"H\":\"2020-07-09\",\"I\":\"vdalrubn@hotmail.com\"}', 1),
(102, 2, 2, '{\"A\":\"valeria\",\"B\":\"tapia\",\"C\":\"Rhino\",\"D\":\"Peru\",\"E\":\"cuida\",\"F\":\"986906539\",\"G\":\"Design Firm\",\"H\":\"2020-07-10\",\"I\":\"valeriatapiacavassa@gmail.com\"}', 1),
(103, 2, 2, '{\"A\":\"Jhonnatan\",\"B\":\"Espinoza Rojas\",\"C\":\"Blender\",\"D\":\"Peru\",\"E\":\"Hytzy\",\"F\":\"989697686\",\"G\":\"Gaming\",\"H\":\"2020-07-22\",\"I\":\"hytzy18@gmail.com\"}', 1),
(104, 2, 2, '{\"A\":\"Patricia\",\"B\":\"Vasquez\",\"C\":\"Rhino\",\"D\":\"Peru\",\"E\":\"Urbandes\",\"F\":null,\"G\":\"Architecture\",\"H\":\"2020-07-14\",\"I\":\"patriciavasquezm4@gmail.com\"}', 1),
(105, 2, 2, '{\"A\":\"Franck\",\"B\":\"Ayala\",\"C\":\"Rhino\",\"D\":\"Peru\",\"E\":\"PUCP\",\"F\":\"945989428\",\"G\":\"Toys\",\"H\":\"2020-07-18\",\"I\":\"f.ayala@pucp.edu.pe\"}', 1),
(106, 2, 2, '{\"A\":\"ELMER\",\"B\":\"TRILLO\",\"C\":\"SketchUp\",\"D\":\"Peru\",\"E\":\"RIPLEY\",\"F\":\"948878407\",\"G\":\"Architecture\",\"H\":\"2020-07-01\",\"I\":\"elbrayan_2015@hotmail.com\"}', 1),
(107, 2, 2, '{\"A\":\"Melissa Grit\",\"B\":\"De La Cruz\",\"C\":\"Rhino\",\"D\":\"Peru\",\"E\":\"no one\",\"F\":null,\"G\":\"Furniture\",\"H\":\"2020-07-20\",\"I\":\"mg00717@gmail.com\"}', 1);

-- --------------------------------------------------------

--
-- Table structure for table `brands`
--

DROP TABLE IF EXISTS `brands`;
CREATE TABLE IF NOT EXISTS `brands` (
  `id` int(11) NOT NULL AUTO_INCREMENT,
  `brand_name` varchar(255) CHARACTER SET utf32 COLLATE utf32_unicode_ci NOT NULL,
  `brand_tag` varchar(255) CHARACTER SET utf32 COLLATE utf32_unicode_ci NOT NULL,
  `first_name_position_in_template` varchar(255) COLLATE utf32_unicode_ci NOT NULL,
  `last_name_position_in_template` varchar(255) COLLATE utf32_unicode_ci NOT NULL,
  `organization_position_in_template` varchar(255) COLLATE utf32_unicode_ci NOT NULL,
  `county_position_in_template` varchar(255) CHARACTER SET utf32 COLLATE utf32_unicode_ci NOT NULL,
  `email_position_in_template` varchar(255) CHARACTER SET utf32 COLLATE utf32_unicode_ci NOT NULL,
  `telephone_position_in_template` varchar(255) CHARACTER SET utf32 COLLATE utf32_unicode_ci NOT NULL,
  `creation_date_in_position` varchar(255) CHARACTER SET utf32 COLLATE utf32_unicode_ci NOT NULL,
  `commercial_category` varchar(255) CHARACTER SET utf32 COLLATE utf32_unicode_ci NOT NULL,
  `edu_category` varchar(255) CHARACTER SET utf32 COLLATE utf32_unicode_ci NOT NULL,
  `home_category` varchar(255) CHARACTER SET utf32 COLLATE utf32_unicode_ci NOT NULL,
  `template_url` varchar(255) CHARACTER SET utf32 COLLATE utf32_unicode_ci NOT NULL,
  `file_format` varchar(255) CHARACTER SET utf32 COLLATE utf32_unicode_ci NOT NULL,
  `has_sheets` tinyint(1) NOT NULL,
  `added_by` varchar(255) CHARACTER SET utf32 COLLATE utf32_unicode_ci NOT NULL,
  `hide` tinyint(1) NOT NULL,
  PRIMARY KEY (`id`)
) ENGINE=MyISAM AUTO_INCREMENT=3 DEFAULT CHARSET=utf32 COLLATE=utf32_unicode_ci;

--
-- Dumping data for table `brands`
--

INSERT INTO `brands` (`id`, `brand_name`, `brand_tag`, `first_name_position_in_template`, `last_name_position_in_template`, `organization_position_in_template`, `county_position_in_template`, `email_position_in_template`, `telephone_position_in_template`, `creation_date_in_position`, `commercial_category`, `edu_category`, `home_category`, `template_url`, `file_format`, `has_sheets`, `added_by`, `hide`) VALUES
(1, 'Google', 'SEO,Google', 'A', '', 'D', 'C', 'H', 'E', 'G', 'Commercial Cat', 'Edu Cat', 'Home cat', 'LATAM_(1)_-_Copy11.xls', 'XLS', 4, '(admin)', 0),
(2, 'Zapier Tech', 'zapier,auth,token', 'A', 'B', 'E', 'D', 'I', 'F', 'H', 'Commercial Cat', 'Edu Cat', 'Home cat', 'LATAM_(1)3.xls', 'XLS', 6, '(admin)', 0);

-- --------------------------------------------------------

--
-- Table structure for table `brand_template`
--

DROP TABLE IF EXISTS `brand_template`;
CREATE TABLE IF NOT EXISTS `brand_template` (
  `id` int(11) NOT NULL AUTO_INCREMENT,
  `brand_id` int(11) NOT NULL,
  `position` varchar(255) CHARACTER SET utf32 COLLATE utf32_unicode_ci NOT NULL,
  `header_title` varchar(255) CHARACTER SET utf32 COLLATE utf32_unicode_ci NOT NULL,
  `hide` tinyint(1) NOT NULL,
  PRIMARY KEY (`id`)
) ENGINE=MyISAM AUTO_INCREMENT=52 DEFAULT CHARSET=utf32 COLLATE=utf32_unicode_ci;

--
-- Dumping data for table `brand_template`
--

INSERT INTO `brand_template` (`id`, `brand_id`, `position`, `header_title`, `hide`) VALUES
(1, 1, 'A', 'First Name', 1),
(2, 1, 'B', 'Modeling Software', 1),
(3, 1, 'C', 'Country', 1),
(4, 1, 'D', 'Company / Account', 1),
(5, 1, 'E', 'Phone', 1),
(6, 1, 'F', 'Industry', 1),
(7, 1, 'G', 'Create Date', 1),
(8, 1, 'H', 'Email', 1),
(9, 2, 'A', 'First Name', 1),
(10, 2, 'B', 'Modeling Software', 1),
(11, 2, 'C', 'Country', 1),
(12, 2, 'D', 'Company / Account', 1),
(13, 2, 'E', 'Phone', 1),
(14, 2, 'F', 'Industry', 1),
(15, 2, 'G', 'Create Date', 1),
(16, 2, 'H', 'Email', 1),
(17, 1, 'A', 'First Name', 1),
(18, 1, 'B', 'Last Name', 1),
(19, 1, 'C', 'Modeling Software', 1),
(20, 1, 'D', 'Country', 1),
(21, 1, 'E', 'Company / Account', 1),
(22, 1, 'F', 'Phone', 1),
(23, 1, 'G', 'Industry', 1),
(24, 1, 'H', 'Create Date', 1),
(25, 1, 'I', 'Email', 1),
(26, 1, 'A', 'First Name', 1),
(27, 1, 'B', 'Last Name', 1),
(28, 1, 'C', 'Modeling Software', 1),
(29, 1, 'D', 'Country', 1),
(30, 1, 'E', 'Company / Account', 1),
(31, 1, 'F', 'Phone', 1),
(32, 1, 'G', 'Industry', 1),
(33, 1, 'H', 'Create Date', 1),
(34, 1, 'I', 'Email', 1),
(35, 1, 'A', 'First Name', 0),
(36, 1, 'B', 'Modeling Software', 0),
(37, 1, 'C', 'Country', 0),
(38, 1, 'D', 'Company / Account', 0),
(39, 1, 'E', 'Phone', 0),
(40, 1, 'F', 'Industry', 0),
(41, 1, 'G', 'Create Date', 0),
(42, 1, 'H', 'Email', 0),
(43, 2, 'A', 'First Name', 0),
(44, 2, 'B', 'Last Name', 0),
(45, 2, 'C', 'Modeling Software', 0),
(46, 2, 'D', 'Country', 0),
(47, 2, 'E', 'Company / Account', 0),
(48, 2, 'F', 'Phone', 0),
(49, 2, 'G', 'Industry', 0),
(50, 2, 'H', 'Create Date', 0),
(51, 2, 'I', 'Email', 0);

-- --------------------------------------------------------

--
-- Table structure for table `category`
--

DROP TABLE IF EXISTS `category`;
CREATE TABLE IF NOT EXISTS `category` (
  `id` int(11) NOT NULL AUTO_INCREMENT,
  `name` varchar(255) CHARACTER SET utf32 COLLATE utf32_unicode_ci NOT NULL,
  PRIMARY KEY (`id`)
) ENGINE=MyISAM AUTO_INCREMENT=12 DEFAULT CHARSET=utf32 COLLATE=utf32_unicode_ci;

--
-- Dumping data for table `category`
--

INSERT INTO `category` (`id`, `name`) VALUES
(1, 'DUPLICATE_CATEGORY'),
(2, 'PROBABLE_BUSINESS'),
(3, 'HOME_CATEGORY'),
(4, 'EDU_CATEGORY'),
(5, 'BUSINESS_CATEGORY'),
(6, 'DISCARDED_CATEGORY'),
(7, 'PHONE_API_RESPONSE_ERROR'),
(8, 'EMAIL_API_RESPONSE_ERROR'),
(9, 'FREE_MAILS'),
(10, 'EDU_DOMAIN');

-- --------------------------------------------------------

--
-- Table structure for table `country`
--

DROP TABLE IF EXISTS `country`;
CREATE TABLE IF NOT EXISTS `country` (
  `id` int(11) NOT NULL AUTO_INCREMENT,
  `ISO3166_1_alpha_2` varchar(255) CHARACTER SET utf32 COLLATE utf32_unicode_ci NOT NULL,
  `ISO3166_1_alpha_3` varchar(255) CHARACTER SET utf32 COLLATE utf32_unicode_ci NOT NULL,
  `country_name` varchar(255) CHARACTER SET utf32 COLLATE utf32_unicode_ci NOT NULL,
  PRIMARY KEY (`id`)
) ENGINE=MyISAM AUTO_INCREMENT=250 DEFAULT CHARSET=utf32 COLLATE=utf32_unicode_ci;

--
-- Dumping data for table `country`
--

INSERT INTO `country` (`id`, `ISO3166_1_alpha_2`, `ISO3166_1_alpha_3`, `country_name`) VALUES
(1, 'TW', 'TWN', 'Taiwan'),
(2, 'AF', 'AFG', 'Afghanistan'),
(3, 'AL', 'ALB', 'Albania'),
(4, 'DZ', 'DZA', 'Algeria'),
(5, 'AS', 'ASM', 'American Samoa'),
(6, 'AD', 'AND', 'Andorra'),
(7, 'AO', 'AGO', 'Angola'),
(8, 'AI', 'AIA', 'Anguilla'),
(9, 'AQ', 'ATA', 'Antarctica'),
(10, 'AG', 'ATG', 'Antigua & Barbuda'),
(11, 'AR', 'ARG', 'Argentina'),
(12, 'AM', 'ARM', 'Armenia'),
(13, 'AW', 'ABW', 'Aruba'),
(14, 'AU', 'AUS', 'Australia'),
(15, 'AT', 'AUT', 'Austria'),
(16, 'AZ', 'AZE', 'Azerbaijan'),
(17, 'BS', 'BHS', 'Bahamas'),
(18, 'BH', 'BHR', 'Bahrain'),
(19, 'BD', 'BGD', 'Bangladesh'),
(20, 'BB', 'BRB', 'Barbados'),
(21, 'BY', 'BLR', 'Belarus'),
(22, 'BE', 'BEL', 'Belgium'),
(23, 'BZ', 'BLZ', 'Belize'),
(24, 'BJ', 'BEN', 'Benin'),
(25, 'BM', 'BMU', 'Bermuda'),
(26, 'BT', 'BTN', 'Bhutan'),
(27, 'BO', 'BOL', 'Bolivia'),
(28, 'BQ', 'BES', 'Caribbean Netherlands'),
(29, 'BA', 'BIH', 'Bosnia'),
(30, 'BW', 'BWA', 'Botswana'),
(31, 'BV', 'BVT', 'Bouvet Island'),
(32, 'BR', 'BRA', 'Brazil'),
(33, 'IO', 'IOT', 'British Indian Ocean Territory'),
(34, 'VG', 'VGB', 'British Virgin Islands'),
(35, 'BN', 'BRN', 'Brunei'),
(36, 'BG', 'BGR', 'Bulgaria'),
(37, 'BF', 'BFA', 'Burkina Faso'),
(38, 'BI', 'BDI', 'Burundi'),
(39, 'CV', 'CPV', 'Cape Verde'),
(40, 'KH', 'KHM', 'Cambodia'),
(41, 'CM', 'CMR', 'Cameroon'),
(42, 'CA', 'CAN', 'Canada'),
(43, 'KY', 'CYM', 'Cayman Islands'),
(44, 'CF', 'CAF', 'Central African Republic'),
(45, 'TD', 'TCD', 'Chad'),
(46, 'CL', 'CHL', 'Chile'),
(47, 'CN', 'CHN', 'China'),
(48, 'HK', 'HKG', 'Hong Kong'),
(49, 'MO', 'MAC', 'Macau'),
(50, 'CX', 'CXR', 'Christmas Island'),
(51, 'CC', 'CCK', 'Cocos (Keeling) Islands'),
(52, 'CO', 'COL', 'Colombia'),
(53, 'KM', 'COM', 'Comoros'),
(54, 'CG', 'COG', 'Congo - Brazzaville'),
(55, 'CK', 'COK', 'Cook Islands'),
(56, 'CR', 'CRI', 'Costa Rica'),
(57, 'HR', 'HRV', 'Croatia'),
(58, 'CU', 'CUB', 'Cuba'),
(59, 'CW', 'CUW', 'Curaçao'),
(60, 'CY', 'CYP', 'Cyprus'),
(61, 'CZ', 'CZE', 'Czechia'),
(62, 'CI', 'CIV', 'Côte d’Ivoire'),
(63, 'KP', 'PRK', 'North Korea'),
(64, 'CD', 'COD', 'Congo - Kinshasa'),
(65, 'DK', 'DNK', 'Denmark'),
(66, 'DJ', 'DJI', 'Djibouti'),
(67, 'DM', 'DMA', 'Dominica'),
(68, 'DO', 'DOM', 'Dominican Republic'),
(69, 'EC', 'ECU', 'Ecuador'),
(70, 'EG', 'EGY', 'Egypt'),
(71, 'SV', 'SLV', 'El Salvador'),
(72, 'GQ', 'GNQ', 'Equatorial Guinea'),
(73, 'ER', 'ERI', 'Eritrea'),
(74, 'EE', 'EST', 'Estonia'),
(75, 'ET', 'ETH', 'Ethiopia'),
(76, 'FK', 'FLK', 'Falkland Islands'),
(77, 'FO', 'FRO', 'Faroe Islands'),
(78, 'FJ', 'FJI', 'Fiji'),
(79, 'FI', 'FIN', 'Finland'),
(80, 'FR', 'FRA', 'France'),
(81, 'GF', 'GUF', 'French Guiana'),
(82, 'PF', 'PYF', 'French Polynesia'),
(83, 'TF', 'ATF', 'French Southern Territories'),
(84, 'GA', 'GAB', 'Gabon'),
(85, 'GM', 'GMB', 'Gambia'),
(86, 'GE', 'GEO', 'Georgia'),
(87, 'DE', 'DEU', 'Germany'),
(88, 'GH', 'GHA', 'Ghana'),
(89, 'GI', 'GIB', 'Gibraltar'),
(90, 'GR', 'GRC', 'Greece'),
(91, 'GL', 'GRL', 'Greenland'),
(92, 'GD', 'GRD', 'Grenada'),
(93, 'GP', 'GLP', 'Guadeloupe'),
(94, 'GU', 'GUM', 'Guam'),
(95, 'GT', 'GTM', 'Guatemala'),
(96, 'GG', 'GGY', 'Guernsey'),
(97, 'GN', 'GIN', 'Guinea'),
(98, 'GW', 'GNB', 'Guinea-Bissau'),
(99, 'GY', 'GUY', 'Guyana'),
(100, 'HT', 'HTI', 'Haiti'),
(101, 'HM', 'HMD', 'Heard & McDonald Islands'),
(102, 'VA', 'VAT', 'Vatican City'),
(103, 'HN', 'HND', 'Honduras'),
(104, 'HU', 'HUN', 'Hungary'),
(105, 'IS', 'ISL', 'Iceland'),
(106, 'IN', 'IND', 'India'),
(107, 'ID', 'IDN', 'Indonesia'),
(108, 'IR', 'IRN', 'Iran'),
(109, 'IQ', 'IRQ', 'Iraq'),
(110, 'IE', 'IRL', 'Ireland'),
(111, 'IM', 'IMN', 'Isle of Man'),
(112, 'IL', 'ISR', 'Israel'),
(113, 'IT', 'ITA', 'Italy'),
(114, 'JM', 'JAM', 'Jamaica'),
(115, 'JP', 'JPN', 'Japan'),
(116, 'JE', 'JEY', 'Jersey'),
(117, 'JO', 'JOR', 'Jordan'),
(118, 'KZ', 'KAZ', 'Kazakhstan'),
(119, 'KE', 'KEN', 'Kenya'),
(120, 'KI', 'KIR', 'Kiribati'),
(121, 'KW', 'KWT', 'Kuwait'),
(122, 'KG', 'KGZ', 'Kyrgyzstan'),
(123, 'LA', 'LAO', 'Laos'),
(124, 'LV', 'LVA', 'Latvia'),
(125, 'LB', 'LBN', 'Lebanon'),
(126, 'LS', 'LSO', 'Lesotho'),
(127, 'LR', 'LBR', 'Liberia'),
(128, 'LY', 'LBY', 'Libya'),
(129, 'LI', 'LIE', 'Liechtenstein'),
(130, 'LT', 'LTU', 'Lithuania'),
(131, 'LU', 'LUX', 'Luxembourg'),
(132, 'MG', 'MDG', 'Madagascar'),
(133, 'MW', 'MWI', 'Malawi'),
(134, 'MY', 'MYS', 'Malaysia'),
(135, 'MV', 'MDV', 'Maldives'),
(136, 'ML', 'MLI', 'Mali'),
(137, 'MT', 'MLT', 'Malta'),
(138, 'MH', 'MHL', 'Marshall Islands'),
(139, 'MQ', 'MTQ', 'Martinique'),
(140, 'MR', 'MRT', 'Mauritania'),
(141, 'MU', 'MUS', 'Mauritius'),
(142, 'YT', 'MYT', 'Mayotte'),
(143, 'MX', 'MEX', 'Mexico'),
(144, 'FM', 'FSM', 'Micronesia'),
(145, 'MC', 'MCO', 'Monaco'),
(146, 'MN', 'MNG', 'Mongolia'),
(147, 'ME', 'MNE', 'Montenegro'),
(148, 'MS', 'MSR', 'Montserrat'),
(149, 'MA', 'MAR', 'Morocco'),
(150, 'MZ', 'MOZ', 'Mozambique'),
(151, 'MM', 'MMR', 'Myanmar'),
(152, 'NA', 'NAM', 'Namibia'),
(153, 'NR', 'NRU', 'Nauru'),
(154, 'NP', 'NPL', 'Nepal'),
(155, 'NL', 'NLD', 'Netherlands'),
(156, 'NC', 'NCL', 'New Caledonia'),
(157, 'NZ', 'NZL', 'New Zealand'),
(158, 'NI', 'NIC', 'Nicaragua'),
(159, 'NE', 'NER', 'Niger'),
(160, 'NG', 'NGA', 'Nigeria'),
(161, 'NU', 'NIU', 'Niue'),
(162, 'NF', 'NFK', 'Norfolk Island'),
(163, 'MP', 'MNP', 'Northern Mariana Islands'),
(164, 'NO', 'NOR', 'Norway'),
(165, 'OM', 'OMN', 'Oman'),
(166, 'PK', 'PAK', 'Pakistan'),
(167, 'PW', 'PLW', 'Palau'),
(168, 'PA', 'PAN', 'Panama'),
(169, 'PG', 'PNG', 'Papua New Guinea'),
(170, 'PY', 'PRY', 'Paraguay'),
(171, 'PE', 'PER', 'Peru'),
(172, 'PH', 'PHL', 'Philippines'),
(173, 'PN', 'PCN', 'Pitcairn Islands'),
(174, 'PL', 'POL', 'Poland'),
(175, 'PT', 'PRT', 'Portugal'),
(176, 'PR', 'PRI', 'Puerto Rico'),
(177, 'QA', 'QAT', 'Qatar'),
(178, 'KR', 'KOR', 'South Korea'),
(179, 'MD', 'MDA', 'Moldova'),
(180, 'RO', 'ROU', 'Romania'),
(181, 'RU', 'RUS', 'Russia'),
(182, 'RW', 'RWA', 'Rwanda'),
(183, 'RE', 'REU', 'Réunion'),
(184, 'BL', 'BLM', 'St. Barthélemy'),
(185, 'SH', 'SHN', 'St. Helena'),
(186, 'KN', 'KNA', 'St. Kitts & Nevis'),
(187, 'LC', 'LCA', 'St. Lucia'),
(188, 'MF', 'MAF', 'St. Martin'),
(189, 'PM', 'SPM', 'St. Pierre & Miquelon'),
(190, 'VC', 'VCT', 'St. Vincent & Grenadines'),
(191, 'WS', 'WSM', 'Samoa'),
(192, 'SM', 'SMR', 'San Marino'),
(193, 'ST', 'STP', 'São Tomé & Príncipe'),
(194, 'SA', 'SAU', 'Saudi Arabia'),
(195, 'SN', 'SEN', 'Senegal'),
(196, 'RS', 'SRB', 'Serbia'),
(197, 'SC', 'SYC', 'Seychelles'),
(198, 'SL', 'SLE', 'Sierra Leone'),
(199, 'SG', 'SGP', 'Singapore'),
(200, 'SX', 'SXM', 'Sint Maarten'),
(201, 'SK', 'SVK', 'Slovakia'),
(202, 'SI', 'SVN', 'Slovenia'),
(203, 'SB', 'SLB', 'Solomon Islands'),
(204, 'SO', 'SOM', 'Somalia'),
(205, 'ZA', 'ZAF', 'South Africa'),
(206, 'GS', 'SGS', 'South Georgia & South Sandwich Islands'),
(207, 'SS', 'SSD', 'South Sudan'),
(208, 'ES', 'ESP', 'Spain'),
(209, 'LK', 'LKA', 'Sri Lanka'),
(210, 'PS', 'PSE', 'Palestine'),
(211, 'SD', 'SDN', 'Sudan'),
(212, 'SR', 'SUR', 'Suriname'),
(213, 'SJ', 'SJM', 'Svalbard & Jan Mayen'),
(214, 'SZ', 'SWZ', 'Swaziland'),
(215, 'SE', 'SWE', 'Sweden'),
(216, 'CH', 'CHE', 'Switzerland'),
(217, 'SY', 'SYR', 'Syria'),
(218, 'TJ', 'TJK', 'Tajikistan'),
(219, 'TH', 'THA', 'Thailand'),
(220, 'MK', 'MKD', 'Macedonia'),
(221, 'TL', 'TLS', 'Timor-Leste'),
(222, 'TG', 'TGO', 'Togo'),
(223, 'TK', 'TKL', 'Tokelau'),
(224, 'TO', 'TON', 'Tonga'),
(225, 'TT', 'TTO', 'Trinidad & Tobago'),
(226, 'TN', 'TUN', 'Tunisia'),
(227, 'TR', 'TUR', 'Turkey'),
(228, 'TM', 'TKM', 'Turkmenistan'),
(229, 'TC', 'TCA', 'Turks & Caicos Islands'),
(230, 'TV', 'TUV', 'Tuvalu'),
(231, 'UG', 'UGA', 'Uganda'),
(232, 'UA', 'UKR', 'Ukraine'),
(233, 'AE', 'ARE', 'United Arab Emirates'),
(234, 'GB', 'GBR', 'UK'),
(235, 'TZ', 'TZA', 'Tanzania'),
(236, 'UM', 'UMI', 'U.S. Outlying Islands'),
(237, 'VI', 'VIR', 'U.S. Virgin Islands'),
(238, 'US', 'USA', 'US'),
(239, 'UY', 'URY', 'Uruguay'),
(240, 'UZ', 'UZB', 'Uzbekistan'),
(241, 'VU', 'VUT', 'Vanuatu'),
(242, 'VE', 'VEN', 'Venezuela'),
(243, 'VN', 'VNM', 'Vietnam'),
(244, 'WF', 'WLF', 'Wallis & Futuna'),
(245, 'EH', 'ESH', 'Western Sahara'),
(246, 'YE', 'YEM', 'Yemen'),
(247, 'ZM', 'ZMB', 'Zambia'),
(248, 'ZW', 'ZWE', 'Zimbabwe'),
(249, 'AX', 'ALA', 'Åland Islands');

-- --------------------------------------------------------

--
-- Table structure for table `import_batch`
--

DROP TABLE IF EXISTS `import_batch`;
CREATE TABLE IF NOT EXISTS `import_batch` (
  `id` int(11) NOT NULL AUTO_INCREMENT,
  `date_start` date NOT NULL,
  `date_end` date NOT NULL,
  `brand_id` int(11) NOT NULL,
  `total_commercial` int(11) NOT NULL,
  `total_edu` int(11) NOT NULL,
  `total_duplicates` int(11) NOT NULL,
  `total_home` int(11) NOT NULL,
  `total_discard` int(11) NOT NULL,
  `total_business` int(11) NOT NULL,
  `records_process` int(11) NOT NULL,
  `total_records` int(11) NOT NULL,
  `total_email_error` int(11) NOT NULL,
  `total_phone_error` int(11) NOT NULL,
  `total_free_mails` int(11) NOT NULL,
  PRIMARY KEY (`id`)
) ENGINE=MyISAM AUTO_INCREMENT=3 DEFAULT CHARSET=utf32 COLLATE=utf32_unicode_ci;

--
-- Dumping data for table `import_batch`
--

INSERT INTO `import_batch` (`id`, `date_start`, `date_end`, `brand_id`, `total_commercial`, `total_edu`, `total_duplicates`, `total_home`, `total_discard`, `total_business`, `records_process`, `total_records`, `total_email_error`, `total_phone_error`, `total_free_mails`) VALUES
(1, '2020-07-08', '2020-07-08', 1, 0, 0, 0, 0, 0, 0, 0, 0, 0, 0, 0),
(2, '2020-07-08', '2020-07-08', 2, 0, 0, 0, 0, 0, 0, 0, 0, 0, 0, 0);

-- --------------------------------------------------------

--
-- Table structure for table `keyword`
--

DROP TABLE IF EXISTS `keyword`;
CREATE TABLE IF NOT EXISTS `keyword` (
  `id` int(11) NOT NULL AUTO_INCREMENT,
  `category_id` int(11) NOT NULL,
  `name` varchar(255) COLLATE utf32_unicode_ci NOT NULL,
  `status` tinyint(1) NOT NULL DEFAULT '1',
  PRIMARY KEY (`id`)
) ENGINE=MyISAM AUTO_INCREMENT=20 DEFAULT CHARSET=utf32 COLLATE=utf32_unicode_ci;

--
-- Dumping data for table `keyword`
--

INSERT INTO `keyword` (`id`, `category_id`, `name`, `status`) VALUES
(1, 4, 'estudiante', 1),
(2, 4, 'estudante', 1),
(3, 4, 'student', 1),
(4, 4, 'profesor', 1),
(5, 4, 'instructor', 1),
(6, 4, 'universidad', 1),
(7, 4, 'universitario', 1),
(8, 2, 'arquitecto', 1),
(9, 2, 'arq', 1),
(10, 2, 'ingeniero', 1),
(11, 9, 'hotmail.com', 1),
(12, 9, 'gmail.com ', 1),
(13, 9, 'yahoo.com.br', 1),
(14, 10, '.edu', 1),
(15, 10, '.edu.ar', 1),
(16, 10, '.edu.co', 1),
(17, 10, '.edu.br', 1),
(18, 10, '.uba.ar', 1),
(19, 3, 'hogar', 1);

-- --------------------------------------------------------

--
-- Table structure for table `record`
--

DROP TABLE IF EXISTS `record`;
CREATE TABLE IF NOT EXISTS `record` (
  `id` int(11) NOT NULL AUTO_INCREMENT,
  `date` date DEFAULT NULL,
  `country` int(11) NOT NULL,
  `email` varchar(255) CHARACTER SET utf32 COLLATE utf32_unicode_ci NOT NULL,
  `telephone` varchar(25) CHARACTER SET utf32 COLLATE utf32_unicode_ci NOT NULL,
  `category_id` int(11) NOT NULL,
  `brand_id` int(11) NOT NULL,
  `batch_id` int(11) NOT NULL,
  `original_row` longtext CHARACTER SET utf32 COLLATE utf32_unicode_ci NOT NULL,
  PRIMARY KEY (`id`)
) ENGINE=MyISAM AUTO_INCREMENT=108 DEFAULT CHARSET=utf32 COLLATE=utf32_unicode_ci;

--
-- Dumping data for table `record`
--

INSERT INTO `record` (`id`, `date`, `country`, `email`, `telephone`, `category_id`, `brand_id`, `batch_id`, `original_row`) VALUES
(1, '2020-07-08', 11, 'palomanesd@gmail.com', '7070079702', 5, 1, 1, '{\"First Name\":\"Damian\",\"Tags\":\"SEO,Google\",\"commercialCampaign\":\"Commercial Cat\",\"eduCampaign\":\"Edu Cat\",\"homeCampaign\":\"Home cat\",\"Modeling Software\":\"SketchUp\",\"Country\":\"Argentina\",\"Company \\/ Account\":\"None\",\"Phone\":\"7070079702\",\"Industry\":\"Engineering\",\"Create Date\":\"2020-07-08\",\"Email\":\"palomanesd@gmail.com\"}'),
(2, '2020-07-09', 11, 'lcoiro@est.frba.utn.edu.ar', '1144188057', 4, 1, 1, '{\"First Name\":\"Lucio\",\"Tags\":\"SEO,Google\",\"commercialCampaign\":\"Commercial Cat\",\"eduCampaign\":\"Edu Cat\",\"homeCampaign\":\"Home cat\",\"Modeling Software\":\"Autocad\",\"Country\":\"Argentina\",\"Company \\/ Account\":\"Universidad Tecnol\\u00f3gica Nacional\",\"Phone\":\"1144188057\",\"Industry\":\"Engineering\",\"Create Date\":\"2020-07-09\",\"Email\":\"lcoiro@est.frba.utn.edu.ar\"}'),
(3, '2020-07-09', 11, 'ed_custom@outlook.com', 'N/A', 5, 1, 1, '{\"First Name\":\"Eber\",\"Tags\":\"SEO,Google\",\"commercialCampaign\":\"Commercial Cat\",\"eduCampaign\":\"Edu Cat\",\"homeCampaign\":\"Home cat\",\"Modeling Software\":\"Other\",\"Country\":\"Argentina\",\"Company \\/ Account\":\"EDcustom\",\"Phone\":null,\"Industry\":\"Independent Designer\",\"Create Date\":\"2020-07-09\",\"Email\":\"ed_custom@outlook.com\"}'),
(4, '2020-07-09', 11, 'dimarianof@gmail.com', '+5492615257156', 5, 1, 1, '{\"First Name\":\"Mariano\",\"Tags\":\"SEO,Google\",\"commercialCampaign\":\"Commercial Cat\",\"eduCampaign\":\"Edu Cat\",\"homeCampaign\":\"Home cat\",\"Modeling Software\":\"Blender\",\"Country\":\"Argentina\",\"Company \\/ Account\":\"MarianoFermosel\",\"Phone\":\"+5492615257156\",\"Industry\":\"Independent Designer\",\"Create Date\":\"2020-07-09\",\"Email\":\"dimarianof@gmail.com\"}'),
(5, '2020-07-13', 52, 'dajicentral@gmail.com', '350264398', 5, 1, 1, '{\"First Name\":\"David\",\"Tags\":\"SEO,Google\",\"commercialCampaign\":\"Commercial Cat\",\"eduCampaign\":\"Edu Cat\",\"homeCampaign\":\"Home cat\",\"Modeling Software\":\"SolidWorks\",\"Country\":\"Colombia\",\"Company \\/ Account\":\"UNAL\",\"Phone\":\"350264398\",\"Industry\":\"Education\",\"Create Date\":\"2020-07-13\",\"Email\":\"dajicentral@gmail.com\"}'),
(6, '2020-07-13', 52, 'jhenao95@gmail.com', '3153320622', 5, 1, 1, '{\"First Name\":\"Juan\",\"Tags\":\"SEO,Google\",\"commercialCampaign\":\"Commercial Cat\",\"eduCampaign\":\"Edu Cat\",\"homeCampaign\":\"Home cat\",\"Modeling Software\":\"Rhino\",\"Country\":\"Colombia\",\"Company \\/ Account\":\"niguna\",\"Phone\":\"3153320622\",\"Industry\":\"Education\",\"Create Date\":\"2020-07-13\",\"Email\":\"jhenao95@gmail.com\"}'),
(7, '2020-07-13', 52, 'makoseven@hotmail.com', '3115695045', 5, 1, 1, '{\"First Name\":\"anyello\",\"Tags\":\"SEO,Google\",\"commercialCampaign\":\"Commercial Cat\",\"eduCampaign\":\"Edu Cat\",\"homeCampaign\":\"Home cat\",\"Modeling Software\":\"Marvelous Designer\",\"Country\":\"Colombia\",\"Company \\/ Account\":\"lafayette\",\"Phone\":\"3115695045\",\"Industry\":\"Design Firm\",\"Create Date\":\"2020-07-13\",\"Email\":\"makoseven@hotmail.com\"}'),
(8, '2020-07-12', 56, 'doblevisual@gmail.com', '8364-5360', 5, 1, 1, '{\"First Name\":\"Johan\",\"Tags\":\"SEO,Google\",\"commercialCampaign\":\"Commercial Cat\",\"eduCampaign\":\"Edu Cat\",\"homeCampaign\":\"Home cat\",\"Modeling Software\":\"SketchUp\",\"Country\":\"Costa Rica\",\"Company \\/ Account\":\"GN\",\"Phone\":\"8364-5360\",\"Industry\":\"Design Firm\",\"Create Date\":\"2020-07-12\",\"Email\":\"doblevisual@gmail.com\"}'),
(9, '2020-07-14', 56, 'sindyrovelo@gmail.com', '71814286', 5, 1, 1, '{\"First Name\":\"Sindy\",\"Tags\":\"SEO,Google\",\"commercialCampaign\":\"Commercial Cat\",\"eduCampaign\":\"Edu Cat\",\"homeCampaign\":\"Home cat\",\"Modeling Software\":\"Artcam\",\"Country\":\"Costa Rica\",\"Company \\/ Account\":\"134000461919\",\"Phone\":\"71814286\",\"Industry\":\"Medical\",\"Create Date\":\"2020-07-14\",\"Email\":\"sindyrovelo@gmail.com\"}'),
(10, '2020-07-09', 171, 'gianella0306@hotmail.com', '986914370', 5, 1, 1, '{\"First Name\":\"Gianella\",\"Tags\":\"SEO,Google\",\"commercialCampaign\":\"Commercial Cat\",\"eduCampaign\":\"Edu Cat\",\"homeCampaign\":\"Home cat\",\"Modeling Software\":\"Rhino\",\"Country\":\"Peru\",\"Company \\/ Account\":\"UPC\",\"Phone\":\"986914370\",\"Industry\":\"Architecture\",\"Create Date\":\"2020-07-09\",\"Email\":\"gianella0306@hotmail.com\"}'),
(11, '2020-07-09', 171, 'vdalrubn@hotmail.com', '+51 945540847', 5, 1, 1, '{\"First Name\":\"VIDAL NINA LOAIZA\",\"Tags\":\"SEO,Google\",\"commercialCampaign\":\"Commercial Cat\",\"eduCampaign\":\"Edu Cat\",\"homeCampaign\":\"Home cat\",\"Modeling Software\":\"Rhino\",\"Country\":\"Peru\",\"Company \\/ Account\":\"TOLOUSE LAUTREC\",\"Phone\":\"+51 945540847\",\"Industry\":\"Education\",\"Create Date\":\"2020-07-09\",\"Email\":\"vdalrubn@hotmail.com\"}'),
(12, '2020-07-08', 11, 'palomanesd@gmail.com', 'N/A', 5, 2, 2, '{\"First Name\":\"Damian\",\"Tags\":\"zapier,auth,token\",\"commercialCampaign\":\"Commercial Cat\",\"eduCampaign\":\"Edu Cat\",\"homeCampaign\":\"Home cat\",\"Last Name\":\"Palomanes\",\"Modeling Software\":\"SketchUp\",\"Country\":\"Argentina\",\"Company \\/ Account\":\"None\",\"Phone\":null,\"Industry\":\"Engineering\",\"Create Date\":\"2020-07-08\",\"Email\":\"palomanesd@gmail.com\"}'),
(13, '2020-07-09', 11, 'lcoiro@est.frba.utn.edu.ar', '1144188057', 4, 2, 2, '{\"First Name\":\"Lucio\",\"Tags\":\"zapier,auth,token\",\"commercialCampaign\":\"Commercial Cat\",\"eduCampaign\":\"Edu Cat\",\"homeCampaign\":\"Home cat\",\"Last Name\":\"Coiro\",\"Modeling Software\":\"Autocad\",\"Country\":\"Argentina\",\"Company \\/ Account\":\"Universidad Tecnol\\u00f3gica Nacional\",\"Phone\":\"1144188057\",\"Industry\":\"Engineering\",\"Create Date\":\"2020-07-09\",\"Email\":\"lcoiro@est.frba.utn.edu.ar\"}'),
(14, '2020-07-09', 11, 'ed_custom@outlook.com', 'N/A', 5, 2, 2, '{\"First Name\":\"Eber\",\"Tags\":\"zapier,auth,token\",\"commercialCampaign\":\"Commercial Cat\",\"eduCampaign\":\"Edu Cat\",\"homeCampaign\":\"Home cat\",\"Last Name\":\"Derman\",\"Modeling Software\":\"Other\",\"Country\":\"Argentina\",\"Company \\/ Account\":\"EDcustom\",\"Phone\":null,\"Industry\":\"Independent Designer\",\"Create Date\":\"2020-07-09\",\"Email\":\"ed_custom@outlook.com\"}'),
(15, '2020-07-09', 11, 'dimarianof@gmail.com', '+5492615257156', 5, 2, 2, '{\"First Name\":\"Mariano\",\"Tags\":\"zapier,auth,token\",\"commercialCampaign\":\"Commercial Cat\",\"eduCampaign\":\"Edu Cat\",\"homeCampaign\":\"Home cat\",\"Last Name\":\"Fermosel\",\"Modeling Software\":\"Blender\",\"Country\":\"Argentina\",\"Company \\/ Account\":\"MarianoFermosel\",\"Phone\":\"+5492615257156\",\"Industry\":\"Independent Designer\",\"Create Date\":\"2020-07-09\",\"Email\":\"dimarianof@gmail.com\"}'),
(16, '2020-07-10', 11, 'rosarioben79@hotmail.com', 'N/A', 4, 2, 2, '{\"First Name\":\"Rosario\",\"Tags\":\"zapier,auth,token\",\"commercialCampaign\":\"Commercial Cat\",\"eduCampaign\":\"Edu Cat\",\"homeCampaign\":\"Home cat\",\"Last Name\":\"Ben\",\"Modeling Software\":\"Rhino\",\"Country\":\"Argentina\",\"Company \\/ Account\":\"Student\",\"Phone\":null,\"Industry\":\"Independent Designer\",\"Create Date\":\"2020-07-10\",\"Email\":\"rosarioben79@hotmail.com\"}'),
(17, '2020-07-10', 11, 'alesiozunino3@gmail.com', '231715462610', 5, 2, 2, '{\"First Name\":\"alezio\",\"Tags\":\"zapier,auth,token\",\"commercialCampaign\":\"Commercial Cat\",\"eduCampaign\":\"Edu Cat\",\"homeCampaign\":\"Home cat\",\"Last Name\":\"zunnio\",\"Modeling Software\":\"CATIA\",\"Country\":\"Argentina\",\"Company \\/ Account\":\"magicalien\",\"Phone\":\"231715462610\",\"Industry\":\"Education\",\"Create Date\":\"2020-07-10\",\"Email\":\"alesiozunino3@gmail.com\"}'),
(18, '2020-07-11', 11, 'blaster16gales@gmail.com', 'N/A', 5, 2, 2, '{\"First Name\":\"Federico\",\"Tags\":\"zapier,auth,token\",\"commercialCampaign\":\"Commercial Cat\",\"eduCampaign\":\"Edu Cat\",\"homeCampaign\":\"Home cat\",\"Last Name\":\"Davies\",\"Modeling Software\":\"Rhino\",\"Country\":\"Argentina\",\"Company \\/ Account\":\"CyberWaifu\",\"Phone\":null,\"Industry\":\"Entertainment\",\"Create Date\":\"2020-07-11\",\"Email\":\"blaster16gales@gmail.com\"}'),
(19, '2020-07-11', 11, 'jose.banchero2@gmail.com', 'N/A', 5, 2, 2, '{\"First Name\":\"Josefina\",\"Tags\":\"zapier,auth,token\",\"commercialCampaign\":\"Commercial Cat\",\"eduCampaign\":\"Edu Cat\",\"homeCampaign\":\"Home cat\",\"Last Name\":\"Banchero\",\"Modeling Software\":\"Shapr3D\",\"Country\":\"Argentina\",\"Company \\/ Account\":\"rotary\",\"Phone\":null,\"Industry\":\"Education\",\"Create Date\":\"2020-07-11\",\"Email\":\"jose.banchero2@gmail.com\"}'),
(20, '2020-07-11', 11, 'belupelaez97@hotmail.com', 'N/A', 4, 2, 2, '{\"First Name\":\"Belen\",\"Tags\":\"zapier,auth,token\",\"commercialCampaign\":\"Commercial Cat\",\"eduCampaign\":\"Edu Cat\",\"homeCampaign\":\"Home cat\",\"Last Name\":\"Pelaez\",\"Modeling Software\":\"Rhino\",\"Country\":\"Argentina\",\"Company \\/ Account\":\"Student\",\"Phone\":null,\"Industry\":\"Architecture\",\"Create Date\":\"2020-07-11\",\"Email\":\"belupelaez97@hotmail.com\"}'),
(21, '2020-07-11', 11, 'lola19del3@gmail.com', 'N/A', 5, 2, 2, '{\"First Name\":\"Lola\",\"Tags\":\"zapier,auth,token\",\"commercialCampaign\":\"Commercial Cat\",\"eduCampaign\":\"Edu Cat\",\"homeCampaign\":\"Home cat\",\"Last Name\":\"Torres\",\"Modeling Software\":\"Fusion 360\",\"Country\":\"Argentina\",\"Company \\/ Account\":\"University\",\"Phone\":null,\"Industry\":\"Education\",\"Create Date\":\"2020-07-11\",\"Email\":\"lola19del3@gmail.com\"}'),
(22, '2020-07-12', 11, 'delfifreude@gmail.com', 'N/A', 4, 2, 2, '{\"First Name\":\"Delfina\",\"Tags\":\"zapier,auth,token\",\"commercialCampaign\":\"Commercial Cat\",\"eduCampaign\":\"Edu Cat\",\"homeCampaign\":\"Home cat\",\"Last Name\":\"Freude\",\"Modeling Software\":\"SolidWorks\",\"Country\":\"Argentina\",\"Company \\/ Account\":\"student\",\"Phone\":null,\"Industry\":\"Independent Designer\",\"Create Date\":\"2020-07-12\",\"Email\":\"delfifreude@gmail.com\"}'),
(23, '2020-07-13', 11, 'gregutierrezg@gmail.com', 'N/A', 4, 2, 2, '{\"First Name\":\"Greta\",\"Tags\":\"zapier,auth,token\",\"commercialCampaign\":\"Commercial Cat\",\"eduCampaign\":\"Edu Cat\",\"homeCampaign\":\"Home cat\",\"Last Name\":\"Gutierrez\",\"Modeling Software\":\"Rhino\",\"Country\":\"Argentina\",\"Company \\/ Account\":\"Student\",\"Phone\":null,\"Industry\":\"Architecture\",\"Create Date\":\"2020-07-13\",\"Email\":\"gregutierrezg@gmail.com\"}'),
(24, '2020-07-13', 11, 'asapbeatz2k@gmail.com', 'N/A', 5, 2, 2, '{\"First Name\":\"Pablo\",\"Tags\":\"zapier,auth,token\",\"commercialCampaign\":\"Commercial Cat\",\"eduCampaign\":\"Edu Cat\",\"homeCampaign\":\"Home cat\",\"Last Name\":\"Albarracin\",\"Modeling Software\":\"Maya\",\"Country\":\"Argentina\",\"Company \\/ Account\":\"UBA\",\"Phone\":null,\"Industry\":\"Education\",\"Create Date\":\"2020-07-13\",\"Email\":\"asapbeatz2k@gmail.com\"}'),
(25, '2020-07-13', 11, 'isco22casillas@gmail.com', '1150372549', 5, 2, 2, '{\"First Name\":\"isco\",\"Tags\":\"zapier,auth,token\",\"commercialCampaign\":\"Commercial Cat\",\"eduCampaign\":\"Edu Cat\",\"homeCampaign\":\"Home cat\",\"Last Name\":\"casillas\",\"Modeling Software\":\"Fusion 360\",\"Country\":\"Argentina\",\"Company \\/ Account\":\"up\",\"Phone\":\"1150372549\",\"Industry\":\"Independent Designer\",\"Create Date\":\"2020-07-13\",\"Email\":\"isco22casillas@gmail.com\"}'),
(26, '2020-07-13', 11, 'fgoapper@fi.uba.ar', '11260857', 5, 2, 2, '{\"First Name\":\"Francisco\",\"Tags\":\"zapier,auth,token\",\"commercialCampaign\":\"Commercial Cat\",\"eduCampaign\":\"Edu Cat\",\"homeCampaign\":\"Home cat\",\"Last Name\":\"Goapper\",\"Modeling Software\":\"Onshape\",\"Country\":\"Argentina\",\"Company \\/ Account\":\"UBA\",\"Phone\":\"11260857\",\"Industry\":\"Engineering\",\"Create Date\":\"2020-07-13\",\"Email\":\"fgoapper@fi.uba.ar\"}'),
(27, '2020-07-13', 11, 'hiano_pkp@hotmail.com', '12345678', 5, 2, 2, '{\"First Name\":\"Marcos\",\"Tags\":\"zapier,auth,token\",\"commercialCampaign\":\"Commercial Cat\",\"eduCampaign\":\"Edu Cat\",\"homeCampaign\":\"Home cat\",\"Last Name\":\"Rio\",\"Modeling Software\":\"Blender\",\"Country\":\"Argentina\",\"Company \\/ Account\":\"IDK\",\"Phone\":\"12345678\",\"Industry\":\"Education\",\"Create Date\":\"2020-07-13\",\"Email\":\"hiano_pkp@hotmail.com\"}'),
(28, '2020-07-14', 11, 'em.h2.pedrorosales@gmail.com', '02616186769', 5, 2, 2, '{\"First Name\":\"Pedro\",\"Tags\":\"zapier,auth,token\",\"commercialCampaign\":\"Commercial Cat\",\"eduCampaign\":\"Edu Cat\",\"homeCampaign\":\"Home cat\",\"Last Name\":\"Rosales\",\"Modeling Software\":\"Rhino\",\"Country\":\"Argentina\",\"Company \\/ Account\":\"Aflux\",\"Phone\":\"02616186769\",\"Industry\":\"Independent Designer\",\"Create Date\":\"2020-07-14\",\"Email\":\"em.h2.pedrorosales@gmail.com\"}'),
(29, '2020-07-14', 11, 'leonp.melissa@gmail.com', 'N/A', 5, 2, 2, '{\"First Name\":\"Melissa\",\"Tags\":\"zapier,auth,token\",\"commercialCampaign\":\"Commercial Cat\",\"eduCampaign\":\"Edu Cat\",\"homeCampaign\":\"Home cat\",\"Last Name\":\"Leon\",\"Modeling Software\":\"SketchUp\",\"Country\":\"Argentina\",\"Company \\/ Account\":\"FastBuilding\",\"Phone\":null,\"Industry\":\"Architecture\",\"Create Date\":\"2020-07-14\",\"Email\":\"leonp.melissa@gmail.com\"}'),
(30, '2020-07-14', 11, 'robertlema87@gmail.com', '02914860267', 5, 2, 2, '{\"First Name\":\"roberto\",\"Tags\":\"zapier,auth,token\",\"commercialCampaign\":\"Commercial Cat\",\"eduCampaign\":\"Edu Cat\",\"homeCampaign\":\"Home cat\",\"Last Name\":\"Lema\",\"Modeling Software\":\"Fusion 360\",\"Country\":\"Argentina\",\"Company \\/ Account\":\"UPSO\",\"Phone\":\"02914860267\",\"Industry\":\"Education\",\"Create Date\":\"2020-07-14\",\"Email\":\"robertlema87@gmail.com\"}'),
(31, '2020-07-14', 11, 'julicalatayud@gmail.com', '133943917', 5, 2, 2, '{\"First Name\":\"julieta\",\"Tags\":\"zapier,auth,token\",\"commercialCampaign\":\"Commercial Cat\",\"eduCampaign\":\"Edu Cat\",\"homeCampaign\":\"Home cat\",\"Last Name\":\"Calatayud\",\"Modeling Software\":\"Rhino\",\"Country\":\"Argentina\",\"Company \\/ Account\":\"FADU\",\"Phone\":\"133943917\",\"Industry\":\"Entertainment\",\"Create Date\":\"2020-07-14\",\"Email\":\"julicalatayud@gmail.com\"}'),
(32, '2020-07-14', 11, 'giuliana.alessi97@gmail.com', '02613749895', 4, 2, 2, '{\"First Name\":\"Giuliana Ailen\",\"Tags\":\"zapier,auth,token\",\"commercialCampaign\":\"Commercial Cat\",\"eduCampaign\":\"Edu Cat\",\"homeCampaign\":\"Home cat\",\"Last Name\":\"Alessi Olguin\",\"Modeling Software\":\"None\",\"Country\":\"Argentina\",\"Company \\/ Account\":\"Universidad Nacional de Cuyo\",\"Phone\":\"02613749895\",\"Industry\":\"Design Firm\",\"Create Date\":\"2020-07-14\",\"Email\":\"giuliana.alessi97@gmail.com\"}'),
(33, '2020-07-15', 11, 'candeescribanoo@gmail.com', 'N/A', 4, 2, 2, '{\"First Name\":\"Candela\",\"Tags\":\"zapier,auth,token\",\"commercialCampaign\":\"Commercial Cat\",\"eduCampaign\":\"Edu Cat\",\"homeCampaign\":\"Home cat\",\"Last Name\":\"Escribano\",\"Modeling Software\":\"Rhino\",\"Country\":\"Argentina\",\"Company \\/ Account\":\"Student of UNMdP\",\"Phone\":null,\"Industry\":\"Education\",\"Create Date\":\"2020-07-15\",\"Email\":\"candeescribanoo@gmail.com\"}'),
(34, '2020-07-15', 11, 'ddti.jaurena@gmail.com', '2344505440', 5, 2, 2, '{\"First Name\":\"Marcos Leonel\",\"Tags\":\"zapier,auth,token\",\"commercialCampaign\":\"Commercial Cat\",\"eduCampaign\":\"Edu Cat\",\"homeCampaign\":\"Home cat\",\"Last Name\":\"Jaurena\",\"Modeling Software\":\"SolidWorks\",\"Country\":\"Argentina\",\"Company \\/ Account\":\"D.D.T.I.\",\"Phone\":\"2344505440\",\"Industry\":\"Manufacturing\",\"Create Date\":\"2020-07-15\",\"Email\":\"ddti.jaurena@gmail.com\"}'),
(35, '2020-07-15', 11, 'francastro98@hotmail.com', '65203', 5, 2, 2, '{\"First Name\":\"fg\",\"Tags\":\"zapier,auth,token\",\"commercialCampaign\":\"Commercial Cat\",\"eduCampaign\":\"Edu Cat\",\"homeCampaign\":\"Home cat\",\"Last Name\":\"fd\",\"Modeling Software\":\"Maya\",\"Country\":\"Argentina\",\"Company \\/ Account\":\"fd\",\"Phone\":\"65203\",\"Industry\":\"Architecture\",\"Create Date\":\"2020-07-15\",\"Email\":\"francastro98@hotmail.com\"}'),
(36, '2020-07-15', 11, 'francastroba@gmail.com', '65203', 5, 2, 2, '{\"First Name\":\"fgn\",\"Tags\":\"zapier,auth,token\",\"commercialCampaign\":\"Commercial Cat\",\"eduCampaign\":\"Edu Cat\",\"homeCampaign\":\"Home cat\",\"Last Name\":\"fghn\",\"Modeling Software\":\"Maya\",\"Country\":\"Argentina\",\"Company \\/ Account\":\"hfnjd\",\"Phone\":\"65203\",\"Industry\":\"Apparel\",\"Create Date\":\"2020-07-15\",\"Email\":\"francastroba@gmail.com\"}'),
(37, '2020-07-16', 11, 'ezehel01@gmail.com', '11 30486368', 5, 2, 2, '{\"First Name\":\"eze\",\"Tags\":\"zapier,auth,token\",\"commercialCampaign\":\"Commercial Cat\",\"eduCampaign\":\"Edu Cat\",\"homeCampaign\":\"Home cat\",\"Last Name\":\"hel\",\"Modeling Software\":\"Fusion 360\",\"Country\":\"Argentina\",\"Company \\/ Account\":\"Cuarta Dimension\",\"Phone\":\"11 30486368\",\"Industry\":\"Toys\",\"Create Date\":\"2020-07-16\",\"Email\":\"ezehel01@gmail.com\"}'),
(38, '2020-07-19', 11, 'hernankirchuk@outlook.com', 'N/A', 5, 2, 2, '{\"First Name\":\"Hernan\",\"Tags\":\"zapier,auth,token\",\"commercialCampaign\":\"Commercial Cat\",\"eduCampaign\":\"Edu Cat\",\"homeCampaign\":\"Home cat\",\"Last Name\":\"Kirchuk\",\"Modeling Software\":\"Rhino\",\"Country\":\"Argentina\",\"Company \\/ Account\":\"Studen\",\"Phone\":null,\"Industry\":\"Design Firm\",\"Create Date\":\"2020-07-19\",\"Email\":\"hernankirchuk@outlook.com\"}'),
(39, '2020-07-19', 11, 'amagustinamarquez@gmail.com', 'N/A', 4, 2, 2, '{\"First Name\":\"AGUSTINA\",\"Tags\":\"zapier,auth,token\",\"commercialCampaign\":\"Commercial Cat\",\"eduCampaign\":\"Edu Cat\",\"homeCampaign\":\"Home cat\",\"Last Name\":\"MARQUEZ\",\"Modeling Software\":\"Rhino\",\"Country\":\"Argentina\",\"Company \\/ Account\":\"STUDENT\",\"Phone\":null,\"Industry\":\"Education\",\"Create Date\":\"2020-07-19\",\"Email\":\"amagustinamarquez@gmail.com\"}'),
(40, '2020-07-19', 11, 'maialutteral@gmail.com', 'N/A', 4, 2, 2, '{\"First Name\":\"maia\",\"Tags\":\"zapier,auth,token\",\"commercialCampaign\":\"Commercial Cat\",\"eduCampaign\":\"Edu Cat\",\"homeCampaign\":\"Home cat\",\"Last Name\":\"lutteral\",\"Modeling Software\":\"SolidWorks\",\"Country\":\"Argentina\",\"Company \\/ Account\":\"student\",\"Phone\":null,\"Industry\":\"Independent Designer\",\"Create Date\":\"2020-07-19\",\"Email\":\"maialutteral@gmail.com\"}'),
(41, '2020-07-20', 11, 'nachoherrera@gmail.com', '0341152840679', 5, 2, 2, '{\"First Name\":\"IGNACIO\",\"Tags\":\"zapier,auth,token\",\"commercialCampaign\":\"Commercial Cat\",\"eduCampaign\":\"Edu Cat\",\"homeCampaign\":\"Home cat\",\"Last Name\":\"HERRERA\",\"Modeling Software\":\"SketchUp\",\"Country\":\"Argentina\",\"Company \\/ Account\":\"1982\",\"Phone\":\"0341152840679\",\"Industry\":\"Education\",\"Create Date\":\"2020-07-20\",\"Email\":\"nachoherrera@gmail.com\"}'),
(42, '2020-07-21', 11, 'matiasperalta5@hotmail.com', '11166293198', 5, 2, 2, '{\"First Name\":\"matias\",\"Tags\":\"zapier,auth,token\",\"commercialCampaign\":\"Commercial Cat\",\"eduCampaign\":\"Edu Cat\",\"homeCampaign\":\"Home cat\",\"Last Name\":\"peralta\",\"Modeling Software\":\"3ds Max\",\"Country\":\"Argentina\",\"Company \\/ Account\":\"dansa\",\"Phone\":\"11166293198\",\"Industry\":\"Electronics\",\"Create Date\":\"2020-07-21\",\"Email\":\"matiasperalta5@hotmail.com\"}'),
(43, '2020-07-10', 32, 'allanternaverde@gmail.com', '980801009', 5, 2, 2, '{\"First Name\":\"Allan\",\"Tags\":\"zapier,auth,token\",\"commercialCampaign\":\"Commercial Cat\",\"eduCampaign\":\"Edu Cat\",\"homeCampaign\":\"Home cat\",\"Last Name\":\"Carvalho\",\"Modeling Software\":\"IronCAD\",\"Country\":\"Brazil\",\"Company \\/ Account\":\"None\",\"Phone\":\"980801009\",\"Industry\":\"Toys\",\"Create Date\":\"2020-07-10\",\"Email\":\"allanternaverde@gmail.com\"}'),
(44, '2020-07-14', 32, 'andregomesfe@gmail.com', '51999886568', 5, 2, 2, '{\"First Name\":\"Andr\\u00e9\",\"Tags\":\"zapier,auth,token\",\"commercialCampaign\":\"Commercial Cat\",\"eduCampaign\":\"Edu Cat\",\"homeCampaign\":\"Home cat\",\"Last Name\":\"Fernandes\",\"Modeling Software\":\"SolidWorks\",\"Country\":\"Brazil\",\"Company \\/ Account\":\"Beefolk Meadery\",\"Phone\":\"51999886568\",\"Industry\":\"Consumer Products\",\"Create Date\":\"2020-07-14\",\"Email\":\"andregomesfe@gmail.com\"}'),
(45, '2020-07-08', 32, 'andy.gar44@gmail.com', '5511984323936', 5, 2, 2, '{\"First Name\":\"andre\",\"Tags\":\"zapier,auth,token\",\"commercialCampaign\":\"Commercial Cat\",\"eduCampaign\":\"Edu Cat\",\"homeCampaign\":\"Home cat\",\"Last Name\":\"garcia\",\"Modeling Software\":\"SketchUp\",\"Country\":\"Brazil\",\"Company \\/ Account\":\"a.g arquitetura\",\"Phone\":\"5511984323936\",\"Industry\":\"Architecture\",\"Create Date\":\"2020-07-08\",\"Email\":\"andy.gar44@gmail.com\"}'),
(46, '2020-07-11', 32, 'ayala.olv@hotmail.com', 'N/A', 4, 2, 2, '{\"First Name\":\"Ayala\",\"Tags\":\"zapier,auth,token\",\"commercialCampaign\":\"Commercial Cat\",\"eduCampaign\":\"Edu Cat\",\"homeCampaign\":\"Home cat\",\"Last Name\":\"Oliveira\",\"Modeling Software\":\"SketchUp\",\"Country\":\"Brazil\",\"Company \\/ Account\":\"Estudante\",\"Phone\":null,\"Industry\":\"Architecture\",\"Create Date\":\"2020-07-11\",\"Email\":\"ayala.olv@hotmail.com\"}'),
(47, '2020-07-12', 32, 'bruna.takahashi@mjv.com.br', 'N/A', 4, 2, 2, '{\"First Name\":\"Bruna\",\"Tags\":\"zapier,auth,token\",\"commercialCampaign\":\"Commercial Cat\",\"eduCampaign\":\"Edu Cat\",\"homeCampaign\":\"Home cat\",\"Last Name\":\"Taka\",\"Modeling Software\":\"Other\",\"Country\":\"Brazil\",\"Company \\/ Account\":\"estudante\",\"Phone\":null,\"Industry\":\"Government\",\"Create Date\":\"2020-07-12\",\"Email\":\"bruna.takahashi@mjv.com.br\"}'),
(48, '2020-07-15', 32, 'bruno_deconto@yahoo.com.br', 'N/A', 5, 2, 2, '{\"First Name\":\"BRUNO\",\"Tags\":\"zapier,auth,token\",\"commercialCampaign\":\"Commercial Cat\",\"eduCampaign\":\"Edu Cat\",\"homeCampaign\":\"Home cat\",\"Last Name\":\"DECONTO\",\"Modeling Software\":\"Blender\",\"Country\":\"Brazil\",\"Company \\/ Account\":\"BRASIL\",\"Phone\":null,\"Industry\":\"Medical\",\"Create Date\":\"2020-07-15\",\"Email\":\"bruno_deconto@yahoo.com.br\"}'),
(49, '2020-07-16', 32, 'caio93cintra@gmail.com', '+5511997554477', 5, 2, 2, '{\"First Name\":\"Caio\",\"Tags\":\"zapier,auth,token\",\"commercialCampaign\":\"Commercial Cat\",\"eduCampaign\":\"Edu Cat\",\"homeCampaign\":\"Home cat\",\"Last Name\":\"Cintra\",\"Modeling Software\":\"Rhino\",\"Country\":\"Brazil\",\"Company \\/ Account\":\"BARAUNA\",\"Phone\":\"+5511997554477\",\"Industry\":\"Furniture\",\"Create Date\":\"2020-07-16\",\"Email\":\"caio93cintra@gmail.com\"}'),
(50, '2020-07-17', 32, 'carloskassywbass159@gmail.com', '81985834098', 5, 2, 2, '{\"First Name\":\"carlos\",\"Tags\":\"zapier,auth,token\",\"commercialCampaign\":\"Commercial Cat\",\"eduCampaign\":\"Edu Cat\",\"homeCampaign\":\"Home cat\",\"Last Name\":\"cassio\",\"Modeling Software\":\"SketchUp\",\"Country\":\"Brazil\",\"Company \\/ Account\":\"estudande\",\"Phone\":\"81985834098\",\"Industry\":\"Education\",\"Create Date\":\"2020-07-17\",\"Email\":\"carloskassywbass159@gmail.com\"}'),
(51, '2020-07-12', 32, 'carolcorream@gmail.com', 'N/A', 5, 2, 2, '{\"First Name\":\"Caroline\",\"Tags\":\"zapier,auth,token\",\"commercialCampaign\":\"Commercial Cat\",\"eduCampaign\":\"Edu Cat\",\"homeCampaign\":\"Home cat\",\"Last Name\":\"Correa\",\"Modeling Software\":\"SolidWorks\",\"Country\":\"Brazil\",\"Company \\/ Account\":\"Unisinos\",\"Phone\":null,\"Industry\":\"Independent Designer\",\"Create Date\":\"2020-07-12\",\"Email\":\"carolcorream@gmail.com\"}'),
(52, '2020-07-16', 32, 'cbmoisez@gmail.com', '11997540892', 4, 2, 2, '{\"First Name\":\"Moises de J.\",\"Tags\":\"zapier,auth,token\",\"commercialCampaign\":\"Commercial Cat\",\"eduCampaign\":\"Edu Cat\",\"homeCampaign\":\"Home cat\",\"Last Name\":\"Finamor\",\"Modeling Software\":\"Rhino\",\"Country\":\"Brazil\",\"Company \\/ Account\":\"Estudante\",\"Phone\":\"11997540892\",\"Industry\":\"Defense \\/ Military\",\"Create Date\":\"2020-07-16\",\"Email\":\"cbmoisez@gmail.com\"}'),
(53, '2020-07-09', 32, 'chada.clau@hotmail.com', '11987632565', 5, 2, 2, '{\"First Name\":\"Claudia\",\"Tags\":\"zapier,auth,token\",\"commercialCampaign\":\"Commercial Cat\",\"eduCampaign\":\"Edu Cat\",\"homeCampaign\":\"Home cat\",\"Last Name\":\"Chadalakian\",\"Modeling Software\":\"Artcam\",\"Country\":\"Brazil\",\"Company \\/ Account\":\"Claudia Chadalakian\",\"Phone\":\"11987632565\",\"Industry\":\"Jewelry\",\"Create Date\":\"2020-07-09\",\"Email\":\"chada.clau@hotmail.com\"}'),
(54, '2020-07-11', 32, 'projetistawilliamm@gmail.com', 'N/A', 5, 2, 2, '{\"First Name\":\"william\",\"Tags\":\"zapier,auth,token\",\"commercialCampaign\":\"Commercial Cat\",\"eduCampaign\":\"Edu Cat\",\"homeCampaign\":\"Home cat\",\"Last Name\":\"martins\",\"Modeling Software\":\"SketchUp\",\"Country\":\"Brazil\",\"Company \\/ Account\":\"Martins ss\",\"Phone\":null,\"Industry\":\"Design Firm\",\"Create Date\":\"2020-07-11\",\"Email\":\"projetistawilliamm@gmail.com\"}'),
(55, '2020-07-15', 32, 'rafaeljeann@gmail.com', '67991731403', 5, 2, 2, '{\"First Name\":\"raphael\",\"Tags\":\"zapier,auth,token\",\"commercialCampaign\":\"Commercial Cat\",\"eduCampaign\":\"Edu Cat\",\"homeCampaign\":\"Home cat\",\"Last Name\":\"jean\",\"Modeling Software\":\"SketchUp\",\"Country\":\"Brazil\",\"Company \\/ Account\":\"recriar\",\"Phone\":\"67991731403\",\"Industry\":\"Architecture\",\"Create Date\":\"2020-07-15\",\"Email\":\"rafaeljeann@gmail.com\"}'),
(56, '2020-07-17', 32, 'reh_samba@hotmail.com', 'N/A', 5, 2, 2, '{\"First Name\":\"Renan\",\"Tags\":\"zapier,auth,token\",\"commercialCampaign\":\"Commercial Cat\",\"eduCampaign\":\"Edu Cat\",\"homeCampaign\":\"Home cat\",\"Last Name\":\"Costa\",\"Modeling Software\":\"Marvelous Designer\",\"Country\":\"Brazil\",\"Company \\/ Account\":\"Brasil\",\"Phone\":null,\"Industry\":\"Design Firm\",\"Create Date\":\"2020-07-17\",\"Email\":\"reh_samba@hotmail.com\"}'),
(57, '2020-07-14', 32, 'robsonlopesdasilva1995@gmail.com', '981781558', 4, 2, 2, '{\"First Name\":\"Robson Lopes\",\"Tags\":\"zapier,auth,token\",\"commercialCampaign\":\"Commercial Cat\",\"eduCampaign\":\"Edu Cat\",\"homeCampaign\":\"Home cat\",\"Last Name\":\"Silva\",\"Modeling Software\":\"SketchUp\",\"Country\":\"Brazil\",\"Company \\/ Account\":\"estudante\",\"Phone\":\"981781558\",\"Industry\":\"Architecture\",\"Create Date\":\"2020-07-14\",\"Email\":\"robsonlopesdasilva1995@gmail.com\"}'),
(58, '2020-07-08', 32, 'rogerio_araujo_god@hotmail.com', '988337614', 5, 2, 2, '{\"First Name\":\"Rog\\u00e9rio\",\"Tags\":\"zapier,auth,token\",\"commercialCampaign\":\"Commercial Cat\",\"eduCampaign\":\"Edu Cat\",\"homeCampaign\":\"Home cat\",\"Last Name\":\"araujo\",\"Modeling Software\":\"Other\",\"Country\":\"Brazil\",\"Company \\/ Account\":\"rogerio\",\"Phone\":\"988337614\",\"Industry\":\"Gaming\",\"Create Date\":\"2020-07-08\",\"Email\":\"rogerio_araujo_god@hotmail.com\"}'),
(59, '2020-07-18', 32, 'samuelpbi@hotmail.com', 'N/A', 4, 2, 2, '{\"First Name\":\"samuel\",\"Tags\":\"zapier,auth,token\",\"commercialCampaign\":\"Commercial Cat\",\"eduCampaign\":\"Edu Cat\",\"homeCampaign\":\"Home cat\",\"Last Name\":\"arantes\",\"Modeling Software\":\"Blender\",\"Country\":\"Brazil\",\"Company \\/ Account\":\"student\",\"Phone\":null,\"Industry\":\"Software\",\"Create Date\":\"2020-07-18\",\"Email\":\"samuelpbi@hotmail.com\"}'),
(60, '2020-07-11', 32, 'shapelicioli@gmail.com', 'N/A', 5, 2, 2, '{\"First Name\":\"shalana\",\"Tags\":\"zapier,auth,token\",\"commercialCampaign\":\"Commercial Cat\",\"eduCampaign\":\"Edu Cat\",\"homeCampaign\":\"Home cat\",\"Last Name\":\"pelicioli\",\"Modeling Software\":\"SolidWorks\",\"Country\":\"Brazil\",\"Company \\/ Account\":\"ucs\",\"Phone\":null,\"Industry\":\"Design Firm\",\"Create Date\":\"2020-07-11\",\"Email\":\"shapelicioli@gmail.com\"}'),
(61, '2020-07-16', 32, 'silas_lima2@yahoo.com.br', '1123818163', 5, 2, 2, '{\"First Name\":\"Silas\",\"Tags\":\"zapier,auth,token\",\"commercialCampaign\":\"Commercial Cat\",\"eduCampaign\":\"Edu Cat\",\"homeCampaign\":\"Home cat\",\"Last Name\":\"Lima\",\"Modeling Software\":\"None\",\"Country\":\"Brazil\",\"Company \\/ Account\":\"domestico\",\"Phone\":\"1123818163\",\"Industry\":\"Education\",\"Create Date\":\"2020-07-16\",\"Email\":\"silas_lima2@yahoo.com.br\"}'),
(62, '2020-07-17', 32, 'studiofranknaval@gmail.com', '+5548991941506', 5, 2, 2, '{\"First Name\":\"FRANK\",\"Tags\":\"zapier,auth,token\",\"commercialCampaign\":\"Commercial Cat\",\"eduCampaign\":\"Edu Cat\",\"homeCampaign\":\"Home cat\",\"Last Name\":\"MARTINS\",\"Modeling Software\":\"Rhino\",\"Country\":\"Brazil\",\"Company \\/ Account\":\"STF\",\"Phone\":\"+5548991941506\",\"Industry\":\"Transportation - Boats, Yachts, Watercra\",\"Create Date\":\"2020-07-17\",\"Email\":\"studiofranknaval@gmail.com\"}'),
(63, '2020-07-18', 32, 'talentoprado@gmail.com', '11986522155', 5, 2, 2, '{\"First Name\":\"Ricardo\",\"Tags\":\"zapier,auth,token\",\"commercialCampaign\":\"Commercial Cat\",\"eduCampaign\":\"Edu Cat\",\"homeCampaign\":\"Home cat\",\"Last Name\":\"Prado\",\"Modeling Software\":\"3ds Max\",\"Country\":\"Brazil\",\"Company \\/ Account\":\"talento cenografia\",\"Phone\":\"11986522155\",\"Industry\":\"Design Firm\",\"Create Date\":\"2020-07-18\",\"Email\":\"talentoprado@gmail.com\"}'),
(64, '2020-07-15', 32, 'tanaghar@gmail.com', '61998386053', 5, 2, 2, '{\"First Name\":\"Marcos\",\"Tags\":\"zapier,auth,token\",\"commercialCampaign\":\"Commercial Cat\",\"eduCampaign\":\"Edu Cat\",\"homeCampaign\":\"Home cat\",\"Last Name\":\"Quintal\",\"Modeling Software\":\"ZBrush\",\"Country\":\"Brazil\",\"Company \\/ Account\":\"Kintal Geek Colecion\\u00e1veis\",\"Phone\":\"61998386053\",\"Industry\":\"Toys\",\"Create Date\":\"2020-07-15\",\"Email\":\"tanaghar@gmail.com\"}'),
(65, '2020-07-20', 32, 'titrento0@gmail.com', '29535111', 5, 2, 2, '{\"First Name\":\"Tiago\",\"Tags\":\"zapier,auth,token\",\"commercialCampaign\":\"Commercial Cat\",\"eduCampaign\":\"Edu Cat\",\"homeCampaign\":\"Home cat\",\"Last Name\":\"Silva\",\"Modeling Software\":\"SolidWorks\",\"Country\":\"Brazil\",\"Company \\/ Account\":\"Residencial\",\"Phone\":\"29535111\",\"Industry\":\"Education\",\"Create Date\":\"2020-07-20\",\"Email\":\"titrento0@gmail.com\"}'),
(66, '2020-07-09', 32, 'tsantosgabriela@gmail.com', '+5513996057575', 5, 2, 2, '{\"First Name\":\"gabriela\",\"Tags\":\"zapier,auth,token\",\"commercialCampaign\":\"Commercial Cat\",\"eduCampaign\":\"Edu Cat\",\"homeCampaign\":\"Home cat\",\"Last Name\":\"torres\",\"Modeling Software\":\"SketchUp\",\"Country\":\"Brazil\",\"Company \\/ Account\":\"gtorres\",\"Phone\":\"+5513996057575\",\"Industry\":\"Design Firm\",\"Create Date\":\"2020-07-09\",\"Email\":\"tsantosgabriela@gmail.com\"}'),
(67, '2020-07-10', 32, 'vi_vince@hotmail.com', '85987023676', 5, 2, 2, '{\"First Name\":\"Victor\",\"Tags\":\"zapier,auth,token\",\"commercialCampaign\":\"Commercial Cat\",\"eduCampaign\":\"Edu Cat\",\"homeCampaign\":\"Home cat\",\"Last Name\":\"Freitas\",\"Modeling Software\":\"ZBrush\",\"Country\":\"Brazil\",\"Company \\/ Account\":\"me\",\"Phone\":\"85987023676\",\"Industry\":\"Education\",\"Create Date\":\"2020-07-10\",\"Email\":\"vi_vince@hotmail.com\"}'),
(68, '2020-07-17', 32, 'wyllyam0.1hot@gmail.com', '7592106018', 5, 2, 2, '{\"First Name\":\"William\",\"Tags\":\"zapier,auth,token\",\"commercialCampaign\":\"Commercial Cat\",\"eduCampaign\":\"Edu Cat\",\"homeCampaign\":\"Home cat\",\"Last Name\":\"OLIVEIRA\",\"Modeling Software\":\"SketchUp\",\"Country\":\"Brazil\",\"Company \\/ Account\":\"AZEVEDO\",\"Phone\":\"7592106018\",\"Industry\":\"Education\",\"Create Date\":\"2020-07-17\",\"Email\":\"wyllyam0.1hot@gmail.com\"}'),
(69, '2020-07-10', 46, 'trinidadiribarne13@gmail.com', '950210484', 5, 2, 2, '{\"First Name\":\"Trinidad\",\"Tags\":\"zapier,auth,token\",\"commercialCampaign\":\"Commercial Cat\",\"eduCampaign\":\"Edu Cat\",\"homeCampaign\":\"Home cat\",\"Last Name\":\"Iribarne\",\"Modeling Software\":\"Rhino\",\"Country\":\"Chile\",\"Company \\/ Account\":\"Duoc UC\",\"Phone\":\"950210484\",\"Industry\":\"Design Firm\",\"Create Date\":\"2020-07-10\",\"Email\":\"trinidadiribarne13@gmail.com\"}'),
(70, '2020-07-11', 46, 'cfvalderrama@gmail.com', '+56994448097', 5, 2, 2, '{\"First Name\":\"Carlo Felipe\",\"Tags\":\"zapier,auth,token\",\"commercialCampaign\":\"Commercial Cat\",\"eduCampaign\":\"Edu Cat\",\"homeCampaign\":\"Home cat\",\"Last Name\":\"Valderrama\",\"Modeling Software\":\"Rhino\",\"Country\":\"Chile\",\"Company \\/ Account\":\"Yo\",\"Phone\":\"+56994448097\",\"Industry\":\"Independent Designer\",\"Create Date\":\"2020-07-11\",\"Email\":\"cfvalderrama@gmail.com\"}'),
(71, '2020-07-11', 46, 'elisahonoratolira@uc.cl', '994541837', 4, 2, 2, '{\"First Name\":\"Elisa\",\"Tags\":\"zapier,auth,token\",\"commercialCampaign\":\"Commercial Cat\",\"eduCampaign\":\"Edu Cat\",\"homeCampaign\":\"Home cat\",\"Last Name\":\"Honorato\",\"Modeling Software\":\"Fusion 360\",\"Country\":\"Chile\",\"Company \\/ Account\":\"universidad catolica\",\"Phone\":\"994541837\",\"Industry\":\"Education\",\"Create Date\":\"2020-07-11\",\"Email\":\"elisahonoratolira@uc.cl\"}'),
(72, '2020-07-11', 46, 'dani.jequier@gmail.com', '990962563', 5, 2, 2, '{\"First Name\":\"CAMILA\",\"Tags\":\"zapier,auth,token\",\"commercialCampaign\":\"Commercial Cat\",\"eduCampaign\":\"Edu Cat\",\"homeCampaign\":\"Home cat\",\"Last Name\":\"CARTES\",\"Modeling Software\":\"Rhino\",\"Country\":\"Chile\",\"Company \\/ Account\":\"UNIVERSITY\",\"Phone\":\"990962563\",\"Industry\":\"Architecture\",\"Create Date\":\"2020-07-11\",\"Email\":\"dani.jequier@gmail.com\"}'),
(73, '2020-07-12', 46, 'trinikantorl@gmail.com', '990100285', 4, 2, 2, '{\"First Name\":\"trini\",\"Tags\":\"zapier,auth,token\",\"commercialCampaign\":\"Commercial Cat\",\"eduCampaign\":\"Edu Cat\",\"homeCampaign\":\"Home cat\",\"Last Name\":\"kantor\",\"Modeling Software\":\"Fusion 360\",\"Country\":\"Chile\",\"Company \\/ Account\":\"universidad catolica\",\"Phone\":\"990100285\",\"Industry\":\"Furniture\",\"Create Date\":\"2020-07-12\",\"Email\":\"trinikantorl@gmail.com\"}'),
(74, '2020-07-12', 46, 'karayar@uft.edu', '+56981567990', 4, 2, 2, '{\"First Name\":\"karla\",\"Tags\":\"zapier,auth,token\",\"commercialCampaign\":\"Commercial Cat\",\"eduCampaign\":\"Edu Cat\",\"homeCampaign\":\"Home cat\",\"Last Name\":\"araya\",\"Modeling Software\":\"SketchUp\",\"Country\":\"Chile\",\"Company \\/ Account\":\"Universidad Finis Terrae\",\"Phone\":\"+56981567990\",\"Industry\":\"Photography\",\"Create Date\":\"2020-07-12\",\"Email\":\"karayar@uft.edu\"}'),
(75, '2020-07-12', 46, 'studio.ciclo@gmail.com', '979009562', 5, 2, 2, '{\"First Name\":\"wellington\",\"Tags\":\"zapier,auth,token\",\"commercialCampaign\":\"Commercial Cat\",\"eduCampaign\":\"Edu Cat\",\"homeCampaign\":\"Home cat\",\"Last Name\":\"de lima\",\"Modeling Software\":\"SketchUp\",\"Country\":\"Chile\",\"Company \\/ Account\":\"starpipo eventos\",\"Phone\":\"979009562\",\"Industry\":\"Architecture\",\"Create Date\":\"2020-07-12\",\"Email\":\"studio.ciclo@gmail.com\"}'),
(76, '2020-07-12', 46, 'contacto@jakk.cl', '952561977', 5, 2, 2, '{\"First Name\":\"Vicente Aguirre\",\"Tags\":\"zapier,auth,token\",\"commercialCampaign\":\"Commercial Cat\",\"eduCampaign\":\"Edu Cat\",\"homeCampaign\":\"Home cat\",\"Last Name\":\"Torres\",\"Modeling Software\":\"Rhino\",\"Country\":\"Chile\",\"Company \\/ Account\":\"jakk\",\"Phone\":\"952561977\",\"Industry\":\"Education\",\"Create Date\":\"2020-07-12\",\"Email\":\"contacto@jakk.cl\"}'),
(77, '2020-07-13', 46, 'javiera.arriagada0901@gmail.com', '930090040', 5, 2, 2, '{\"First Name\":\"javiera\",\"Tags\":\"zapier,auth,token\",\"commercialCampaign\":\"Commercial Cat\",\"eduCampaign\":\"Edu Cat\",\"homeCampaign\":\"Home cat\",\"Last Name\":\"arriagada cid\",\"Modeling Software\":\"3ds Max\",\"Country\":\"Chile\",\"Company \\/ Account\":\"educacion\",\"Phone\":\"930090040\",\"Industry\":\"Education\",\"Create Date\":\"2020-07-13\",\"Email\":\"javiera.arriagada0901@gmail.com\"}'),
(78, '2020-07-15', 46, 'n.troncoso@udd.cl', 'N/A', 5, 2, 2, '{\"First Name\":\"nicolas\",\"Tags\":\"zapier,auth,token\",\"commercialCampaign\":\"Commercial Cat\",\"eduCampaign\":\"Edu Cat\",\"homeCampaign\":\"Home cat\",\"Last Name\":\"troncoso\",\"Modeling Software\":\"Blender\",\"Country\":\"Chile\",\"Company \\/ Account\":\"udd\",\"Phone\":null,\"Industry\":\"Education\",\"Create Date\":\"2020-07-15\",\"Email\":\"n.troncoso@udd.cl\"}'),
(79, '2020-07-16', 46, 'martinfuentealbamorales@gmail.com', 'N/A', 4, 2, 2, '{\"First Name\":\"Martin\",\"Tags\":\"zapier,auth,token\",\"commercialCampaign\":\"Commercial Cat\",\"eduCampaign\":\"Edu Cat\",\"homeCampaign\":\"Home cat\",\"Last Name\":\"Fuentealba\",\"Modeling Software\":\"Rhino\",\"Country\":\"Chile\",\"Company \\/ Account\":\"Universidad de Chile\",\"Phone\":null,\"Industry\":\"Engineering\",\"Create Date\":\"2020-07-16\",\"Email\":\"martinfuentealbamorales@gmail.com\"}'),
(80, '2020-07-19', 46, 'carlyguzmanjara@gmail.com', 'N/A', 5, 2, 2, '{\"First Name\":\"Carla\",\"Tags\":\"zapier,auth,token\",\"commercialCampaign\":\"Commercial Cat\",\"eduCampaign\":\"Edu Cat\",\"homeCampaign\":\"Home cat\",\"Last Name\":\"Guzm\\u00e1n\",\"Modeling Software\":\"Rhino\",\"Country\":\"Chile\",\"Company \\/ Account\":\"none\",\"Phone\":null,\"Industry\":\"Independent Designer\",\"Create Date\":\"2020-07-19\",\"Email\":\"carlyguzmanjara@gmail.com\"}'),
(81, '2020-07-20', 46, 'contacto@dava.cl', '984299843', 5, 2, 2, '{\"First Name\":\"Daniela\",\"Tags\":\"zapier,auth,token\",\"commercialCampaign\":\"Commercial Cat\",\"eduCampaign\":\"Edu Cat\",\"homeCampaign\":\"Home cat\",\"Last Name\":\"Varas\",\"Modeling Software\":\"SketchUp\",\"Country\":\"Chile\",\"Company \\/ Account\":\"DAVA\",\"Phone\":\"984299843\",\"Industry\":\"Architecture\",\"Create Date\":\"2020-07-20\",\"Email\":\"contacto@dava.cl\"}'),
(82, '2020-07-21', 46, 'semagut@ug.uchile.cl', 'N/A', 5, 2, 2, '{\"First Name\":\"Sebastian\",\"Tags\":\"zapier,auth,token\",\"commercialCampaign\":\"Commercial Cat\",\"eduCampaign\":\"Edu Cat\",\"homeCampaign\":\"Home cat\",\"Last Name\":\"Mariangel\",\"Modeling Software\":\"Inventor\",\"Country\":\"Chile\",\"Company \\/ Account\":\"none\",\"Phone\":null,\"Industry\":\"Furniture\",\"Create Date\":\"2020-07-21\",\"Email\":\"semagut@ug.uchile.cl\"}'),
(83, '2020-07-13', 52, 'dajicentral@gmail.com', '350264398', 5, 2, 2, '{\"First Name\":\"David\",\"Tags\":\"zapier,auth,token\",\"commercialCampaign\":\"Commercial Cat\",\"eduCampaign\":\"Edu Cat\",\"homeCampaign\":\"Home cat\",\"Last Name\":\"Jimenez\",\"Modeling Software\":\"SolidWorks\",\"Country\":\"Colombia\",\"Company \\/ Account\":\"UNAL\",\"Phone\":\"350264398\",\"Industry\":\"Education\",\"Create Date\":\"2020-07-13\",\"Email\":\"dajicentral@gmail.com\"}'),
(84, '2020-07-13', 52, 'jhenao95@gmail.com', '3153320622', 5, 2, 2, '{\"First Name\":\"Juan\",\"Tags\":\"zapier,auth,token\",\"commercialCampaign\":\"Commercial Cat\",\"eduCampaign\":\"Edu Cat\",\"homeCampaign\":\"Home cat\",\"Last Name\":\"Henao\",\"Modeling Software\":\"Rhino\",\"Country\":\"Colombia\",\"Company \\/ Account\":\"niguna\",\"Phone\":\"3153320622\",\"Industry\":\"Education\",\"Create Date\":\"2020-07-13\",\"Email\":\"jhenao95@gmail.com\"}'),
(85, '2020-07-13', 52, 'makoseven@hotmail.com', '3115695045', 5, 2, 2, '{\"First Name\":\"anyello\",\"Tags\":\"zapier,auth,token\",\"commercialCampaign\":\"Commercial Cat\",\"eduCampaign\":\"Edu Cat\",\"homeCampaign\":\"Home cat\",\"Last Name\":\"pineda\",\"Modeling Software\":\"Marvelous Designer\",\"Country\":\"Colombia\",\"Company \\/ Account\":\"lafayette\",\"Phone\":\"3115695045\",\"Industry\":\"Design Firm\",\"Create Date\":\"2020-07-13\",\"Email\":\"makoseven@hotmail.com\"}'),
(86, '2020-07-13', 52, 'danielchristopulos345@gmail.com', '3013270127', 5, 2, 2, '{\"First Name\":\"Daniel\",\"Tags\":\"zapier,auth,token\",\"commercialCampaign\":\"Commercial Cat\",\"eduCampaign\":\"Edu Cat\",\"homeCampaign\":\"Home cat\",\"Last Name\":\"C\\u00e9spedes\",\"Modeling Software\":\"SolidWorks\",\"Country\":\"Colombia\",\"Company \\/ Account\":\"Escuela Tecnologica instituto Tecnico Central\",\"Phone\":\"3013270127\",\"Industry\":\"Independent Designer\",\"Create Date\":\"2020-07-13\",\"Email\":\"danielchristopulos345@gmail.com\"}'),
(87, '2020-07-14', 52, 'ivankaramazov68@gmail.com', '3014446499', 5, 2, 2, '{\"First Name\":\"felipe\",\"Tags\":\"zapier,auth,token\",\"commercialCampaign\":\"Commercial Cat\",\"eduCampaign\":\"Edu Cat\",\"homeCampaign\":\"Home cat\",\"Last Name\":\"torres\",\"Modeling Software\":\"SketchUp\",\"Country\":\"Colombia\",\"Company \\/ Account\":\"unversidad del valle\",\"Phone\":\"3014446499\",\"Industry\":\"Design Firm\",\"Create Date\":\"2020-07-14\",\"Email\":\"ivankaramazov68@gmail.com\"}'),
(88, '2020-07-15', 52, 'davidfmc777@gmail.com', '3185980532', 5, 2, 2, '{\"First Name\":\"David\",\"Tags\":\"zapier,auth,token\",\"commercialCampaign\":\"Commercial Cat\",\"eduCampaign\":\"Edu Cat\",\"homeCampaign\":\"Home cat\",\"Last Name\":\"Macias\",\"Modeling Software\":\"ZBrush\",\"Country\":\"Colombia\",\"Company \\/ Account\":\"none\",\"Phone\":\"3185980532\",\"Industry\":\"Gaming\",\"Create Date\":\"2020-07-15\",\"Email\":\"davidfmc777@gmail.com\"}'),
(89, '2020-07-15', 52, 'flopezm12@outlook.com', '3173642624', 5, 2, 2, '{\"First Name\":\"federico\",\"Tags\":\"zapier,auth,token\",\"commercialCampaign\":\"Commercial Cat\",\"eduCampaign\":\"Edu Cat\",\"homeCampaign\":\"Home cat\",\"Last Name\":\"lopez\",\"Modeling Software\":\"Cinema 4D\",\"Country\":\"Colombia\",\"Company \\/ Account\":\"fvisuals\",\"Phone\":\"3173642624\",\"Industry\":\"Medical\",\"Create Date\":\"2020-07-15\",\"Email\":\"flopezm12@outlook.com\"}'),
(90, '2020-07-17', 52, 'mlbenitez@unbosque.edu.co', '3022058700', 5, 2, 2, '{\"First Name\":\"maria\",\"Tags\":\"zapier,auth,token\",\"commercialCampaign\":\"Commercial Cat\",\"eduCampaign\":\"Edu Cat\",\"homeCampaign\":\"Home cat\",\"Last Name\":\"benitez\",\"Modeling Software\":\"Rhino\",\"Country\":\"Colombia\",\"Company \\/ Account\":\"universiddad el bosque\",\"Phone\":\"3022058700\",\"Industry\":\"Education\",\"Create Date\":\"2020-07-17\",\"Email\":\"mlbenitez@unbosque.edu.co\"}'),
(91, '2020-07-17', 52, 'sergioandressotelo@gmail.com', '3195040629', 5, 2, 2, '{\"First Name\":\"Sergio\",\"Tags\":\"zapier,auth,token\",\"commercialCampaign\":\"Commercial Cat\",\"eduCampaign\":\"Edu Cat\",\"homeCampaign\":\"Home cat\",\"Last Name\":\"Sotelo\",\"Modeling Software\":\"Autocad\",\"Country\":\"Colombia\",\"Company \\/ Account\":\"Estudio Xue\",\"Phone\":\"3195040629\",\"Industry\":\"Packaging\",\"Create Date\":\"2020-07-17\",\"Email\":\"sergioandressotelo@gmail.com\"}'),
(92, '2020-07-18', 52, 'angelvalo@hotmail.com', '3108195500', 5, 2, 2, '{\"First Name\":\"Angel\",\"Tags\":\"zapier,auth,token\",\"commercialCampaign\":\"Commercial Cat\",\"eduCampaign\":\"Edu Cat\",\"homeCampaign\":\"Home cat\",\"Last Name\":\"Vargas\",\"Modeling Software\":\"Solid Edge\",\"Country\":\"Colombia\",\"Company \\/ Account\":\"Particular\",\"Phone\":\"3108195500\",\"Industry\":\"Independent Designer\",\"Create Date\":\"2020-07-18\",\"Email\":\"angelvalo@hotmail.com\"}'),
(93, '2020-07-18', 52, 'ceagsopa@gmail.com', '6403380', 5, 2, 2, '{\"First Name\":\"Celso\",\"Tags\":\"zapier,auth,token\",\"commercialCampaign\":\"Commercial Cat\",\"eduCampaign\":\"Edu Cat\",\"homeCampaign\":\"Home cat\",\"Last Name\":\"Solano\",\"Modeling Software\":\"SketchUp\",\"Country\":\"Colombia\",\"Company \\/ Account\":\"EO TECHOS SA\",\"Phone\":\"6403380\",\"Industry\":\"Architecture\",\"Create Date\":\"2020-07-18\",\"Email\":\"ceagsopa@gmail.com\"}'),
(94, '2020-07-18', 52, 'catalina.pardo68@gmail.com', '3173023174', 5, 2, 2, '{\"First Name\":\"Catalina\",\"Tags\":\"zapier,auth,token\",\"commercialCampaign\":\"Commercial Cat\",\"eduCampaign\":\"Edu Cat\",\"homeCampaign\":\"Home cat\",\"Last Name\":\"Pardo\",\"Modeling Software\":\"SketchUp\",\"Country\":\"Colombia\",\"Company \\/ Account\":\"Catalina Pardo Arquitectura\",\"Phone\":\"3173023174\",\"Industry\":\"Architecture\",\"Create Date\":\"2020-07-18\",\"Email\":\"catalina.pardo68@gmail.com\"}'),
(95, '2020-07-19', 52, 'mayra.2014@hotmail.com', 'N/A', 5, 2, 2, '{\"First Name\":\"Mayra\",\"Tags\":\"zapier,auth,token\",\"commercialCampaign\":\"Commercial Cat\",\"eduCampaign\":\"Edu Cat\",\"homeCampaign\":\"Home cat\",\"Last Name\":\"Alejandra\",\"Modeling Software\":\"Maya\",\"Country\":\"Colombia\",\"Company \\/ Account\":\"SailorBomber\",\"Phone\":null,\"Industry\":\"Design Firm\",\"Create Date\":\"2020-07-19\",\"Email\":\"mayra.2014@hotmail.com\"}'),
(96, '2020-07-20', 52, 'ligth.zero@gmail.com', '3053622874', 5, 2, 2, '{\"First Name\":\"fabio\",\"Tags\":\"zapier,auth,token\",\"commercialCampaign\":\"Commercial Cat\",\"eduCampaign\":\"Edu Cat\",\"homeCampaign\":\"Home cat\",\"Last Name\":\"Acevedo\",\"Modeling Software\":\"ZBrush\",\"Country\":\"Colombia\",\"Company \\/ Account\":\"Exion\",\"Phone\":\"3053622874\",\"Industry\":\"Design Firm\",\"Create Date\":\"2020-07-20\",\"Email\":\"ligth.zero@gmail.com\"}'),
(97, '2020-07-20', 52, 'marcear0598@hotmail.com', '3207218400', 5, 2, 2, '{\"First Name\":\"marcela\",\"Tags\":\"zapier,auth,token\",\"commercialCampaign\":\"Commercial Cat\",\"eduCampaign\":\"Edu Cat\",\"homeCampaign\":\"Home cat\",\"Last Name\":\"alvarez\",\"Modeling Software\":\"PTC Creo\",\"Country\":\"Colombia\",\"Company \\/ Account\":\"none\",\"Phone\":\"3207218400\",\"Industry\":\"Engineering\",\"Create Date\":\"2020-07-20\",\"Email\":\"marcear0598@hotmail.com\"}'),
(98, '2020-07-12', 56, 'doblevisual@gmail.com', '8364-5360', 5, 2, 2, '{\"First Name\":\"Johan\",\"Tags\":\"zapier,auth,token\",\"commercialCampaign\":\"Commercial Cat\",\"eduCampaign\":\"Edu Cat\",\"homeCampaign\":\"Home cat\",\"Last Name\":\"Barrantes\",\"Modeling Software\":\"SketchUp\",\"Country\":\"Costa Rica\",\"Company \\/ Account\":\"GN\",\"Phone\":\"8364-5360\",\"Industry\":\"Design Firm\",\"Create Date\":\"2020-07-12\",\"Email\":\"doblevisual@gmail.com\"}'),
(99, '2020-07-14', 56, 'sindyrovelo@gmail.com', '71814286', 5, 2, 2, '{\"First Name\":\"Sindy\",\"Tags\":\"zapier,auth,token\",\"commercialCampaign\":\"Commercial Cat\",\"eduCampaign\":\"Edu Cat\",\"homeCampaign\":\"Home cat\",\"Last Name\":\"Rovelo Rios\",\"Modeling Software\":\"Artcam\",\"Country\":\"Costa Rica\",\"Company \\/ Account\":\"134000461919\",\"Phone\":\"71814286\",\"Industry\":\"Medical\",\"Create Date\":\"2020-07-14\",\"Email\":\"sindyrovelo@gmail.com\"}'),
(100, '2020-07-09', 171, 'gianella0306@hotmail.com', '986914370', 5, 2, 2, '{\"First Name\":\"Gianella\",\"Tags\":\"zapier,auth,token\",\"commercialCampaign\":\"Commercial Cat\",\"eduCampaign\":\"Edu Cat\",\"homeCampaign\":\"Home cat\",\"Last Name\":\"Villegas\",\"Modeling Software\":\"Rhino\",\"Country\":\"Peru\",\"Company \\/ Account\":\"UPC\",\"Phone\":\"986914370\",\"Industry\":\"Architecture\",\"Create Date\":\"2020-07-09\",\"Email\":\"gianella0306@hotmail.com\"}'),
(101, '2020-07-09', 171, 'vdalrubn@hotmail.com', '+51 945540847', 5, 2, 2, '{\"First Name\":\"VIDAL NINA LOAIZA\",\"Tags\":\"zapier,auth,token\",\"commercialCampaign\":\"Commercial Cat\",\"eduCampaign\":\"Edu Cat\",\"homeCampaign\":\"Home cat\",\"Last Name\":\"NINA LOAIZA\",\"Modeling Software\":\"Rhino\",\"Country\":\"Peru\",\"Company \\/ Account\":\"TOLOUSE LAUTREC\",\"Phone\":\"+51 945540847\",\"Industry\":\"Education\",\"Create Date\":\"2020-07-09\",\"Email\":\"vdalrubn@hotmail.com\"}'),
(102, '2020-07-10', 171, 'valeriatapiacavassa@gmail.com', '986906539', 5, 2, 2, '{\"First Name\":\"valeria\",\"Tags\":\"zapier,auth,token\",\"commercialCampaign\":\"Commercial Cat\",\"eduCampaign\":\"Edu Cat\",\"homeCampaign\":\"Home cat\",\"Last Name\":\"tapia\",\"Modeling Software\":\"Rhino\",\"Country\":\"Peru\",\"Company \\/ Account\":\"cuida\",\"Phone\":\"986906539\",\"Industry\":\"Design Firm\",\"Create Date\":\"2020-07-10\",\"Email\":\"valeriatapiacavassa@gmail.com\"}'),
(103, '2020-07-22', 171, 'hytzy18@gmail.com', '989697686', 5, 2, 2, '{\"First Name\":\"Jhonnatan\",\"Tags\":\"zapier,auth,token\",\"commercialCampaign\":\"Commercial Cat\",\"eduCampaign\":\"Edu Cat\",\"homeCampaign\":\"Home cat\",\"Last Name\":\"Espinoza Rojas\",\"Modeling Software\":\"Blender\",\"Country\":\"Peru\",\"Company \\/ Account\":\"Hytzy\",\"Phone\":\"989697686\",\"Industry\":\"Gaming\",\"Create Date\":\"2020-07-22\",\"Email\":\"hytzy18@gmail.com\"}'),
(104, '2020-07-14', 171, 'patriciavasquezm4@gmail.com', 'N/A', 5, 2, 2, '{\"First Name\":\"Patricia\",\"Tags\":\"zapier,auth,token\",\"commercialCampaign\":\"Commercial Cat\",\"eduCampaign\":\"Edu Cat\",\"homeCampaign\":\"Home cat\",\"Last Name\":\"Vasquez\",\"Modeling Software\":\"Rhino\",\"Country\":\"Peru\",\"Company \\/ Account\":\"Urbandes\",\"Phone\":null,\"Industry\":\"Architecture\",\"Create Date\":\"2020-07-14\",\"Email\":\"patriciavasquezm4@gmail.com\"}'),
(105, '2020-07-18', 171, 'f.ayala@pucp.edu.pe', '945989428', 5, 2, 2, '{\"First Name\":\"Franck\",\"Tags\":\"zapier,auth,token\",\"commercialCampaign\":\"Commercial Cat\",\"eduCampaign\":\"Edu Cat\",\"homeCampaign\":\"Home cat\",\"Last Name\":\"Ayala\",\"Modeling Software\":\"Rhino\",\"Country\":\"Peru\",\"Company \\/ Account\":\"PUCP\",\"Phone\":\"945989428\",\"Industry\":\"Toys\",\"Create Date\":\"2020-07-18\",\"Email\":\"f.ayala@pucp.edu.pe\"}');
INSERT INTO `record` (`id`, `date`, `country`, `email`, `telephone`, `category_id`, `brand_id`, `batch_id`, `original_row`) VALUES
(106, '2020-07-01', 171, 'elbrayan_2015@hotmail.com', '948878407', 5, 2, 2, '{\"First Name\":\"ELMER\",\"Tags\":\"zapier,auth,token\",\"commercialCampaign\":\"Commercial Cat\",\"eduCampaign\":\"Edu Cat\",\"homeCampaign\":\"Home cat\",\"Last Name\":\"TRILLO\",\"Modeling Software\":\"SketchUp\",\"Country\":\"Peru\",\"Company \\/ Account\":\"RIPLEY\",\"Phone\":\"948878407\",\"Industry\":\"Architecture\",\"Create Date\":\"2020-07-01\",\"Email\":\"elbrayan_2015@hotmail.com\"}'),
(107, '2020-07-20', 171, 'mg00717@gmail.com', 'N/A', 5, 2, 2, '{\"First Name\":\"Melissa Grit\",\"Tags\":\"zapier,auth,token\",\"commercialCampaign\":\"Commercial Cat\",\"eduCampaign\":\"Edu Cat\",\"homeCampaign\":\"Home cat\",\"Last Name\":\"De La Cruz\",\"Modeling Software\":\"Rhino\",\"Country\":\"Peru\",\"Company \\/ Account\":\"no one\",\"Phone\":null,\"Industry\":\"Furniture\",\"Create Date\":\"2020-07-20\",\"Email\":\"mg00717@gmail.com\"}');

-- --------------------------------------------------------

--
-- Table structure for table `research_task`
--

DROP TABLE IF EXISTS `research_task`;
CREATE TABLE IF NOT EXISTS `research_task` (
  `id` int(11) NOT NULL AUTO_INCREMENT,
  `record_id` int(11) NOT NULL,
  `comment` varchar(255) CHARACTER SET utf32 COLLATE utf32_unicode_ci NOT NULL,
  PRIMARY KEY (`id`)
) ENGINE=MyISAM AUTO_INCREMENT=708 DEFAULT CHARSET=utf32 COLLATE=utf32_unicode_ci;

--
-- Dumping data for table `research_task`
--

INSERT INTO `research_task` (`id`, `record_id`, `comment`) VALUES
(1, 1, 'Find telephone and complete CRM data'),
(2, 2, 'Find telephone and complete CRM data'),
(3, 3, 'Find telephone and complete CRM data'),
(4, 4, 'Find telephone and complete CRM data'),
(5, 6, 'Find telephone and complete CRM data'),
(6, 7, 'Find telephone and complete CRM data'),
(7, 8, 'Find telephone and complete CRM data'),
(8, 9, 'Find telephone and complete CRM data'),
(9, 10, 'Find telephone and complete CRM data'),
(10, 11, 'Find telephone and complete CRM data'),
(11, 12, 'Find telephone and complete CRM data'),
(12, 13, 'Find telephone and complete CRM data'),
(13, 28, 'Find telephone and complete CRM data'),
(14, 29, 'Find telephone and complete CRM data'),
(15, 30, 'Find telephone and complete CRM data'),
(16, 31, 'Find telephone and complete CRM data'),
(17, 32, 'Find telephone and complete CRM data'),
(18, 33, 'Find telephone and complete CRM data'),
(19, 37, 'Find telephone and complete CRM data'),
(20, 38, 'Find telephone and complete CRM data'),
(21, 40, 'Find telephone and complete CRM data'),
(22, 41, 'Find telephone and complete CRM data'),
(23, 42, 'Find telephone and complete CRM data'),
(24, 43, 'Find telephone and complete CRM data'),
(25, 44, 'Find telephone and complete CRM data'),
(26, 45, 'Find telephone and complete CRM data'),
(27, 46, 'Find telephone and complete CRM data'),
(28, 47, 'Find telephone and complete CRM data'),
(29, 48, 'Find telephone and complete CRM data'),
(30, 50, 'Find telephone and complete CRM data'),
(31, 51, 'Find telephone and complete CRM data'),
(32, 52, 'Find telephone and complete CRM data'),
(33, 53, 'Find telephone and complete CRM data'),
(34, 54, 'Find telephone and complete CRM data'),
(35, 55, 'Find telephone and complete CRM data'),
(36, 56, 'Find telephone and complete CRM data'),
(37, 57, 'Find telephone and complete CRM data'),
(38, 58, 'Find telephone and complete CRM data'),
(39, 59, 'Find telephone and complete CRM data'),
(40, 60, 'Find telephone and complete CRM data'),
(41, 61, 'Find telephone and complete CRM data'),
(42, 62, 'Find telephone and complete CRM data'),
(43, 63, 'Find telephone and complete CRM data'),
(44, 66, 'Find telephone and complete CRM data'),
(45, 67, 'Find telephone and complete CRM data'),
(46, 68, 'Find telephone and complete CRM data'),
(47, 69, 'Find telephone and complete CRM data'),
(48, 70, 'Find telephone and complete CRM data'),
(49, 71, 'Find telephone and complete CRM data'),
(50, 72, 'Find telephone and complete CRM data'),
(51, 73, 'Find telephone and complete CRM data'),
(52, 74, 'Find telephone and complete CRM data'),
(53, 77, 'Find telephone and complete CRM data'),
(54, 78, 'Find telephone and complete CRM data'),
(55, 79, 'Find telephone and complete CRM data'),
(56, 80, 'Find telephone and complete CRM data'),
(57, 81, 'Find telephone and complete CRM data'),
(58, 82, 'Find telephone and complete CRM data'),
(59, 83, 'Find telephone and complete CRM data'),
(60, 84, 'Find telephone and complete CRM data'),
(61, 85, 'Find telephone and complete CRM data'),
(62, 86, 'Find telephone and complete CRM data'),
(63, 88, 'Find telephone and complete CRM data'),
(64, 89, 'Find telephone and complete CRM data'),
(65, 90, 'Find telephone and complete CRM data'),
(66, 91, 'Find telephone and complete CRM data'),
(67, 92, 'Find telephone and complete CRM data'),
(68, 93, 'Find telephone and complete CRM data'),
(69, 94, 'Find telephone and complete CRM data'),
(70, 96, 'Find telephone and complete CRM data'),
(71, 99, 'Find telephone and complete CRM data'),
(72, 100, 'Find telephone and complete CRM data'),
(73, 101, 'Find telephone and complete CRM data'),
(74, 102, 'Find telephone and complete CRM data'),
(75, 103, 'Find telephone and complete CRM data'),
(76, 104, 'Find telephone and complete CRM data'),
(77, 105, 'Find telephone and complete CRM data'),
(78, 106, 'Find telephone and complete CRM data'),
(79, 107, 'Find telephone and complete CRM data'),
(80, 108, 'Find telephone and complete CRM data'),
(81, 2, 'Find telephone and complete CRM data'),
(82, 3, 'Find telephone and complete CRM data'),
(83, 4, 'Find telephone and complete CRM data'),
(84, 5, 'Find telephone and complete CRM data'),
(85, 6, 'Find telephone and complete CRM data'),
(86, 7, 'Find telephone and complete CRM data'),
(87, 11, 'Find telephone and complete CRM data'),
(88, 12, 'Find telephone and complete CRM data'),
(89, 14, 'Find telephone and complete CRM data'),
(90, 15, 'Find telephone and complete CRM data'),
(91, 16, 'Find telephone and complete CRM data'),
(92, 17, 'Find telephone and complete CRM data'),
(93, 18, 'Find telephone and complete CRM data'),
(94, 19, 'Find telephone and complete CRM data'),
(95, 20, 'Find telephone and complete CRM data'),
(96, 21, 'Find telephone and complete CRM data'),
(97, 22, 'Find telephone and complete CRM data'),
(98, 24, 'Find telephone and complete CRM data'),
(99, 25, 'Find telephone and complete CRM data'),
(100, 26, 'Find telephone and complete CRM data'),
(101, 27, 'Find telephone and complete CRM data'),
(102, 28, 'Find telephone and complete CRM data'),
(103, 29, 'Find telephone and complete CRM data'),
(104, 30, 'Find telephone and complete CRM data'),
(105, 31, 'Find telephone and complete CRM data'),
(106, 32, 'Find telephone and complete CRM data'),
(107, 33, 'Find telephone and complete CRM data'),
(108, 34, 'Find telephone and complete CRM data'),
(109, 35, 'Find telephone and complete CRM data'),
(110, 36, 'Find telephone and complete CRM data'),
(111, 37, 'Find telephone and complete CRM data'),
(112, 40, 'Find telephone and complete CRM data'),
(113, 41, 'Find telephone and complete CRM data'),
(114, 42, 'Find telephone and complete CRM data'),
(115, 43, 'Find telephone and complete CRM data'),
(116, 44, 'Find telephone and complete CRM data'),
(117, 45, 'Find telephone and complete CRM data'),
(118, 46, 'Find telephone and complete CRM data'),
(119, 47, 'Find telephone and complete CRM data'),
(120, 48, 'Find telephone and complete CRM data'),
(121, 51, 'Find telephone and complete CRM data'),
(122, 52, 'Find telephone and complete CRM data'),
(123, 53, 'Find telephone and complete CRM data'),
(124, 54, 'Find telephone and complete CRM data'),
(125, 55, 'Find telephone and complete CRM data'),
(126, 56, 'Find telephone and complete CRM data'),
(127, 57, 'Find telephone and complete CRM data'),
(128, 58, 'Find telephone and complete CRM data'),
(129, 59, 'Find telephone and complete CRM data'),
(130, 60, 'Find telephone and complete CRM data'),
(131, 62, 'Find telephone and complete CRM data'),
(132, 63, 'Find telephone and complete CRM data'),
(133, 64, 'Find telephone and complete CRM data'),
(134, 65, 'Find telephone and complete CRM data'),
(135, 66, 'Find telephone and complete CRM data'),
(136, 67, 'Find telephone and complete CRM data'),
(137, 68, 'Find telephone and complete CRM data'),
(138, 70, 'Find telephone and complete CRM data'),
(139, 73, 'Find telephone and complete CRM data'),
(140, 74, 'Find telephone and complete CRM data'),
(141, 75, 'Find telephone and complete CRM data'),
(142, 76, 'Find telephone and complete CRM data'),
(143, 77, 'Find telephone and complete CRM data'),
(144, 78, 'Find telephone and complete CRM data'),
(145, 79, 'Find telephone and complete CRM data'),
(146, 80, 'Find telephone and complete CRM data'),
(147, 81, 'Find telephone and complete CRM data'),
(148, 82, 'Find telephone and complete CRM data'),
(149, 2, 'Find telephone and complete CRM data'),
(150, 11, 'Find telephone and complete CRM data'),
(151, 12, 'Find telephone and complete CRM data'),
(152, 13, 'Find telephone and complete CRM data'),
(153, 14, 'Find telephone and complete CRM data'),
(154, 16, 'Find telephone and complete CRM data'),
(155, 17, 'Find telephone and complete CRM data'),
(156, 18, 'Find telephone and complete CRM data'),
(157, 19, 'Find telephone and complete CRM data'),
(158, 20, 'Find telephone and complete CRM data'),
(159, 21, 'Find telephone and complete CRM data'),
(160, 22, 'Find telephone and complete CRM data'),
(161, 23, 'Find telephone and complete CRM data'),
(162, 1, 'Find telephone and complete CRM data'),
(163, 2, 'Find telephone and complete CRM data'),
(164, 3, 'Find telephone and complete CRM data'),
(165, 4, 'Find telephone and complete CRM data'),
(166, 6, 'Find telephone and complete CRM data'),
(167, 7, 'Find telephone and complete CRM data'),
(168, 8, 'Find telephone and complete CRM data'),
(169, 9, 'Find telephone and complete CRM data'),
(170, 10, 'Find telephone and complete CRM data'),
(171, 11, 'Find telephone and complete CRM data'),
(172, 12, 'Find telephone and complete CRM data'),
(173, 13, 'Find telephone and complete CRM data'),
(174, 2, 'Find telephone and complete CRM data'),
(175, 2, 'Find telephone and complete CRM data'),
(176, 2, 'Find telephone and complete CRM data'),
(177, 2, 'Find telephone and complete CRM data'),
(178, 2, 'Find telephone and complete CRM data'),
(179, 2, 'Find telephone and complete CRM data'),
(180, 2, 'Find telephone and complete CRM data'),
(181, 2, 'Find telephone and complete CRM data'),
(182, 2, 'Find telephone and complete CRM data'),
(183, 2, 'Find telephone and complete CRM data'),
(184, 2, 'Find telephone and complete CRM data'),
(185, 6, 'Find telephone and complete CRM data'),
(186, 26, 'Find telephone and complete CRM data'),
(187, 27, 'Find telephone and complete CRM data'),
(188, 29, 'Find telephone and complete CRM data'),
(189, 32, 'Find telephone and complete CRM data'),
(190, 33, 'Find telephone and complete CRM data'),
(191, 34, 'Find telephone and complete CRM data'),
(192, 35, 'Find telephone and complete CRM data'),
(193, 36, 'Find telephone and complete CRM data'),
(194, 37, 'Find telephone and complete CRM data'),
(195, 38, 'Find telephone and complete CRM data'),
(196, 39, 'Find telephone and complete CRM data'),
(197, 42, 'Find telephone and complete CRM data'),
(198, 43, 'Find telephone and complete CRM data'),
(199, 44, 'Find telephone and complete CRM data'),
(200, 45, 'Find telephone and complete CRM data'),
(201, 46, 'Find telephone and complete CRM data'),
(202, 49, 'Find telephone and complete CRM data'),
(203, 50, 'Find telephone and complete CRM data'),
(204, 51, 'Find telephone and complete CRM data'),
(205, 52, 'Find telephone and complete CRM data'),
(206, 53, 'Find telephone and complete CRM data'),
(207, 56, 'Find telephone and complete CRM data'),
(208, 57, 'Find telephone and complete CRM data'),
(209, 1, 'Find telephone and complete CRM data'),
(210, 3, 'Find telephone and complete CRM data'),
(211, 4, 'Find telephone and complete CRM data'),
(212, 6, 'Find telephone and complete CRM data'),
(213, 7, 'Find telephone and complete CRM data'),
(214, 8, 'Find telephone and complete CRM data'),
(215, 10, 'Find telephone and complete CRM data'),
(216, 13, 'Find telephone and complete CRM data'),
(217, 14, 'Find telephone and complete CRM data'),
(218, 15, 'Find telephone and complete CRM data'),
(219, 16, 'Find telephone and complete CRM data'),
(220, 17, 'Find telephone and complete CRM data'),
(221, 18, 'Find telephone and complete CRM data'),
(222, 19, 'Find telephone and complete CRM data'),
(223, 20, 'Find telephone and complete CRM data'),
(224, 23, 'Find telephone and complete CRM data'),
(225, 24, 'Find telephone and complete CRM data'),
(226, 25, 'Find telephone and complete CRM data'),
(227, 26, 'Find telephone and complete CRM data'),
(228, 27, 'Find telephone and complete CRM data'),
(229, 30, 'Find telephone and complete CRM data'),
(230, 31, 'Find telephone and complete CRM data'),
(231, 32, 'Find telephone and complete CRM data'),
(232, 1, 'Find telephone and complete CRM data'),
(233, 3, 'Find telephone and complete CRM data'),
(234, 4, 'Find telephone and complete CRM data'),
(235, 6, 'Find telephone and complete CRM data'),
(236, 7, 'Find telephone and complete CRM data'),
(237, 8, 'Find telephone and complete CRM data'),
(238, 10, 'Find telephone and complete CRM data'),
(239, 13, 'Find telephone and complete CRM data'),
(240, 14, 'Find telephone and complete CRM data'),
(241, 15, 'Find telephone and complete CRM data'),
(242, 16, 'Find telephone and complete CRM data'),
(243, 17, 'Find telephone and complete CRM data'),
(244, 18, 'Find telephone and complete CRM data'),
(245, 19, 'Find telephone and complete CRM data'),
(246, 20, 'Find telephone and complete CRM data'),
(247, 23, 'Find telephone and complete CRM data'),
(248, 24, 'Find telephone and complete CRM data'),
(249, 25, 'Find telephone and complete CRM data'),
(250, 26, 'Find telephone and complete CRM data'),
(251, 27, 'Find telephone and complete CRM data'),
(252, 30, 'Find telephone and complete CRM data'),
(253, 31, 'Find telephone and complete CRM data'),
(254, 32, 'Find telephone and complete CRM data'),
(255, 33, 'Find telephone and complete CRM data'),
(256, 34, 'Find telephone and complete CRM data'),
(257, 37, 'Find telephone and complete CRM data'),
(258, 38, 'Find telephone and complete CRM data'),
(259, 39, 'Find telephone and complete CRM data'),
(260, 40, 'Find telephone and complete CRM data'),
(261, 42, 'Find telephone and complete CRM data'),
(262, 43, 'Find telephone and complete CRM data'),
(263, 44, 'Find telephone and complete CRM data'),
(264, 45, 'Find telephone and complete CRM data'),
(265, 47, 'Find telephone and complete CRM data'),
(266, 49, 'Find telephone and complete CRM data'),
(267, 50, 'Find telephone and complete CRM data'),
(268, 51, 'Find telephone and complete CRM data'),
(269, 52, 'Find telephone and complete CRM data'),
(270, 53, 'Find telephone and complete CRM data'),
(271, 54, 'Find telephone and complete CRM data'),
(272, 55, 'Find telephone and complete CRM data'),
(273, 56, 'Find telephone and complete CRM data'),
(274, 57, 'Find telephone and complete CRM data'),
(275, 58, 'Find telephone and complete CRM data'),
(276, 59, 'Find telephone and complete CRM data'),
(277, 61, 'Find telephone and complete CRM data'),
(278, 64, 'Find telephone and complete CRM data'),
(279, 65, 'Find telephone and complete CRM data'),
(280, 66, 'Find telephone and complete CRM data'),
(281, 67, 'Find telephone and complete CRM data'),
(282, 69, 'Find telephone and complete CRM data'),
(283, 70, 'Find telephone and complete CRM data'),
(284, 71, 'Find telephone and complete CRM data'),
(285, 72, 'Find telephone and complete CRM data'),
(286, 73, 'Find telephone and complete CRM data'),
(287, 74, 'Find telephone and complete CRM data'),
(288, 75, 'Find telephone and complete CRM data'),
(289, 76, 'Find telephone and complete CRM data'),
(290, 77, 'Find telephone and complete CRM data'),
(291, 78, 'Find telephone and complete CRM data'),
(292, 79, 'Find telephone and complete CRM data'),
(293, 80, 'Find telephone and complete CRM data'),
(294, 81, 'Find telephone and complete CRM data'),
(295, 82, 'Find telephone and complete CRM data'),
(296, 83, 'Find telephone and complete CRM data'),
(297, 84, 'Find telephone and complete CRM data'),
(298, 85, 'Find telephone and complete CRM data'),
(299, 86, 'Find telephone and complete CRM data'),
(300, 87, 'Find telephone and complete CRM data'),
(301, 88, 'Find telephone and complete CRM data'),
(302, 89, 'Find telephone and complete CRM data'),
(303, 90, 'Find telephone and complete CRM data'),
(304, 91, 'Find telephone and complete CRM data'),
(305, 92, 'Find telephone and complete CRM data'),
(306, 93, 'Find telephone and complete CRM data'),
(307, 94, 'Find telephone and complete CRM data'),
(308, 95, 'Find telephone and complete CRM data'),
(309, 96, 'Find telephone and complete CRM data'),
(310, 1, 'Find telephone and complete CRM data'),
(311, 3, 'Find telephone and complete CRM data'),
(312, 4, 'Find telephone and complete CRM data'),
(313, 6, 'Find telephone and complete CRM data'),
(314, 7, 'Find telephone and complete CRM data'),
(315, 8, 'Find telephone and complete CRM data'),
(316, 10, 'Find telephone and complete CRM data'),
(317, 13, 'Find telephone and complete CRM data'),
(318, 14, 'Find telephone and complete CRM data'),
(319, 15, 'Find telephone and complete CRM data'),
(320, 16, 'Find telephone and complete CRM data'),
(321, 17, 'Find telephone and complete CRM data'),
(322, 18, 'Find telephone and complete CRM data'),
(323, 19, 'Find telephone and complete CRM data'),
(324, 20, 'Find telephone and complete CRM data'),
(325, 23, 'Find telephone and complete CRM data'),
(326, 24, 'Find telephone and complete CRM data'),
(327, 25, 'Find telephone and complete CRM data'),
(328, 26, 'Find telephone and complete CRM data'),
(329, 27, 'Find telephone and complete CRM data'),
(330, 30, 'Find telephone and complete CRM data'),
(331, 31, 'Find telephone and complete CRM data'),
(332, 32, 'Find telephone and complete CRM data'),
(333, 33, 'Find telephone and complete CRM data'),
(334, 34, 'Find telephone and complete CRM data'),
(335, 37, 'Find telephone and complete CRM data'),
(336, 38, 'Find telephone and complete CRM data'),
(337, 39, 'Find telephone and complete CRM data'),
(338, 40, 'Find telephone and complete CRM data'),
(339, 42, 'Find telephone and complete CRM data'),
(340, 43, 'Find telephone and complete CRM data'),
(341, 44, 'Find telephone and complete CRM data'),
(342, 45, 'Find telephone and complete CRM data'),
(343, 47, 'Find telephone and complete CRM data'),
(344, 49, 'Find telephone and complete CRM data'),
(345, 50, 'Find telephone and complete CRM data'),
(346, 51, 'Find telephone and complete CRM data'),
(347, 52, 'Find telephone and complete CRM data'),
(348, 53, 'Find telephone and complete CRM data'),
(349, 54, 'Find telephone and complete CRM data'),
(350, 55, 'Find telephone and complete CRM data'),
(351, 56, 'Find telephone and complete CRM data'),
(352, 57, 'Find telephone and complete CRM data'),
(353, 58, 'Find telephone and complete CRM data'),
(354, 59, 'Find telephone and complete CRM data'),
(355, 61, 'Find telephone and complete CRM data'),
(356, 64, 'Find telephone and complete CRM data'),
(357, 65, 'Find telephone and complete CRM data'),
(358, 66, 'Find telephone and complete CRM data'),
(359, 67, 'Find telephone and complete CRM data'),
(360, 69, 'Find telephone and complete CRM data'),
(361, 70, 'Find telephone and complete CRM data'),
(362, 71, 'Find telephone and complete CRM data'),
(363, 72, 'Find telephone and complete CRM data'),
(364, 73, 'Find telephone and complete CRM data'),
(365, 74, 'Find telephone and complete CRM data'),
(366, 75, 'Find telephone and complete CRM data'),
(367, 76, 'Find telephone and complete CRM data'),
(368, 77, 'Find telephone and complete CRM data'),
(369, 78, 'Find telephone and complete CRM data'),
(370, 79, 'Find telephone and complete CRM data'),
(371, 80, 'Find telephone and complete CRM data'),
(372, 81, 'Find telephone and complete CRM data'),
(373, 82, 'Find telephone and complete CRM data'),
(374, 83, 'Find telephone and complete CRM data'),
(375, 84, 'Find telephone and complete CRM data'),
(376, 85, 'Find telephone and complete CRM data'),
(377, 86, 'Find telephone and complete CRM data'),
(378, 87, 'Find telephone and complete CRM data'),
(379, 88, 'Find telephone and complete CRM data'),
(380, 89, 'Find telephone and complete CRM data'),
(381, 90, 'Find telephone and complete CRM data'),
(382, 91, 'Find telephone and complete CRM data'),
(383, 92, 'Find telephone and complete CRM data'),
(384, 93, 'Find telephone and complete CRM data'),
(385, 94, 'Find telephone and complete CRM data'),
(386, 95, 'Find telephone and complete CRM data'),
(387, 96, 'Find telephone and complete CRM data'),
(388, 194, 'Find telephone and complete CRM data'),
(389, 195, 'Find telephone and complete CRM data'),
(390, 196, 'Find telephone and complete CRM data'),
(391, 197, 'Find telephone and complete CRM data'),
(392, 198, 'Find telephone and complete CRM data'),
(393, 200, 'Find telephone and complete CRM data'),
(394, 201, 'Find telephone and complete CRM data'),
(395, 202, 'Find telephone and complete CRM data'),
(396, 203, 'Find telephone and complete CRM data'),
(397, 204, 'Find telephone and complete CRM data'),
(398, 238, 'Find telephone and complete CRM data'),
(399, 239, 'Find telephone and complete CRM data'),
(400, 240, 'Find telephone and complete CRM data'),
(401, 243, 'Find telephone and complete CRM data'),
(402, 244, 'Find telephone and complete CRM data'),
(403, 245, 'Find telephone and complete CRM data'),
(404, 247, 'Find telephone and complete CRM data'),
(405, 250, 'Find telephone and complete CRM data'),
(406, 251, 'Find telephone and complete CRM data'),
(407, 252, 'Find telephone and complete CRM data'),
(408, 253, 'Find telephone and complete CRM data'),
(409, 254, 'Find telephone and complete CRM data'),
(410, 255, 'Find telephone and complete CRM data'),
(411, 256, 'Find telephone and complete CRM data'),
(412, 257, 'Find telephone and complete CRM data'),
(413, 260, 'Find telephone and complete CRM data'),
(414, 261, 'Find telephone and complete CRM data'),
(415, 262, 'Find telephone and complete CRM data'),
(416, 263, 'Find telephone and complete CRM data'),
(417, 264, 'Find telephone and complete CRM data'),
(418, 267, 'Find telephone and complete CRM data'),
(419, 268, 'Find telephone and complete CRM data'),
(420, 269, 'Find telephone and complete CRM data'),
(421, 270, 'Find telephone and complete CRM data'),
(422, 271, 'Find telephone and complete CRM data'),
(423, 274, 'Find telephone and complete CRM data'),
(424, 275, 'Find telephone and complete CRM data'),
(425, 276, 'Find telephone and complete CRM data'),
(426, 277, 'Find telephone and complete CRM data'),
(427, 279, 'Find telephone and complete CRM data'),
(428, 280, 'Find telephone and complete CRM data'),
(429, 281, 'Find telephone and complete CRM data'),
(430, 282, 'Find telephone and complete CRM data'),
(431, 284, 'Find telephone and complete CRM data'),
(432, 286, 'Find telephone and complete CRM data'),
(433, 287, 'Find telephone and complete CRM data'),
(434, 288, 'Find telephone and complete CRM data'),
(435, 289, 'Find telephone and complete CRM data'),
(436, 290, 'Find telephone and complete CRM data'),
(437, 291, 'Find telephone and complete CRM data'),
(438, 292, 'Find telephone and complete CRM data'),
(439, 293, 'Find telephone and complete CRM data'),
(440, 294, 'Find telephone and complete CRM data'),
(441, 295, 'Find telephone and complete CRM data'),
(442, 296, 'Find telephone and complete CRM data'),
(443, 298, 'Find telephone and complete CRM data'),
(444, 301, 'Find telephone and complete CRM data'),
(445, 302, 'Find telephone and complete CRM data'),
(446, 303, 'Find telephone and complete CRM data'),
(447, 304, 'Find telephone and complete CRM data'),
(448, 306, 'Find telephone and complete CRM data'),
(449, 307, 'Find telephone and complete CRM data'),
(450, 308, 'Find telephone and complete CRM data'),
(451, 309, 'Find telephone and complete CRM data'),
(452, 310, 'Find telephone and complete CRM data'),
(453, 311, 'Find telephone and complete CRM data'),
(454, 312, 'Find telephone and complete CRM data'),
(455, 313, 'Find telephone and complete CRM data'),
(456, 314, 'Find telephone and complete CRM data'),
(457, 315, 'Find telephone and complete CRM data'),
(458, 316, 'Find telephone and complete CRM data'),
(459, 317, 'Find telephone and complete CRM data'),
(460, 318, 'Find telephone and complete CRM data'),
(461, 319, 'Find telephone and complete CRM data'),
(462, 320, 'Find telephone and complete CRM data'),
(463, 321, 'Find telephone and complete CRM data'),
(464, 322, 'Find telephone and complete CRM data'),
(465, 323, 'Find telephone and complete CRM data'),
(466, 324, 'Find telephone and complete CRM data'),
(467, 325, 'Find telephone and complete CRM data'),
(468, 326, 'Find telephone and complete CRM data'),
(469, 327, 'Find telephone and complete CRM data'),
(470, 328, 'Find telephone and complete CRM data'),
(471, 329, 'Find telephone and complete CRM data'),
(472, 330, 'Find telephone and complete CRM data'),
(473, 331, 'Find telephone and complete CRM data'),
(474, 332, 'Find telephone and complete CRM data'),
(475, 333, 'Find telephone and complete CRM data'),
(476, 1, 'Find telephone and complete CRM data'),
(477, 3, 'Find telephone and complete CRM data'),
(478, 4, 'Find telephone and complete CRM data'),
(479, 5, 'Find telephone and complete CRM data'),
(480, 6, 'Find telephone and complete CRM data'),
(481, 7, 'Find telephone and complete CRM data'),
(482, 1, 'Find telephone and complete CRM data'),
(483, 3, 'Find telephone and complete CRM data'),
(484, 4, 'Find telephone and complete CRM data'),
(485, 5, 'Find telephone and complete CRM data'),
(486, 6, 'Find telephone and complete CRM data'),
(487, 7, 'Find telephone and complete CRM data'),
(488, 8, 'Find telephone and complete CRM data'),
(489, 9, 'Find telephone and complete CRM data'),
(490, 10, 'Find telephone and complete CRM data'),
(491, 11, 'Find telephone and complete CRM data'),
(492, 1, 'Find telephone and complete CRM data'),
(493, 3, 'Find telephone and complete CRM data'),
(494, 4, 'Find telephone and complete CRM data'),
(495, 5, 'Find telephone and complete CRM data'),
(496, 6, 'Find telephone and complete CRM data'),
(497, 7, 'Find telephone and complete CRM data'),
(498, 8, 'Find telephone and complete CRM data'),
(499, 9, 'Find telephone and complete CRM data'),
(500, 10, 'Find telephone and complete CRM data'),
(501, 11, 'Find telephone and complete CRM data'),
(502, 1, 'Find telephone and complete CRM data'),
(503, 3, 'Find telephone and complete CRM data'),
(504, 4, 'Find telephone and complete CRM data'),
(505, 5, 'Find telephone and complete CRM data'),
(506, 6, 'Find telephone and complete CRM data'),
(507, 7, 'Find telephone and complete CRM data'),
(508, 8, 'Find telephone and complete CRM data'),
(509, 9, 'Find telephone and complete CRM data'),
(510, 10, 'Find telephone and complete CRM data'),
(511, 11, 'Find telephone and complete CRM data'),
(512, 1, 'Find telephone and complete CRM data'),
(513, 3, 'Find telephone and complete CRM data'),
(514, 4, 'Find telephone and complete CRM data'),
(515, 5, 'Find telephone and complete CRM data'),
(516, 6, 'Find telephone and complete CRM data'),
(517, 7, 'Find telephone and complete CRM data'),
(518, 8, 'Find telephone and complete CRM data'),
(519, 9, 'Find telephone and complete CRM data'),
(520, 10, 'Find telephone and complete CRM data'),
(521, 11, 'Find telephone and complete CRM data'),
(522, 1, 'Find telephone and complete CRM data'),
(523, 3, 'Find telephone and complete CRM data'),
(524, 4, 'Find telephone and complete CRM data'),
(525, 6, 'Find telephone and complete CRM data'),
(526, 7, 'Find telephone and complete CRM data'),
(527, 8, 'Find telephone and complete CRM data'),
(528, 10, 'Find telephone and complete CRM data'),
(529, 13, 'Find telephone and complete CRM data'),
(530, 14, 'Find telephone and complete CRM data'),
(531, 15, 'Find telephone and complete CRM data'),
(532, 16, 'Find telephone and complete CRM data'),
(533, 17, 'Find telephone and complete CRM data'),
(534, 18, 'Find telephone and complete CRM data'),
(535, 19, 'Find telephone and complete CRM data'),
(536, 20, 'Find telephone and complete CRM data'),
(537, 23, 'Find telephone and complete CRM data'),
(538, 24, 'Find telephone and complete CRM data'),
(539, 25, 'Find telephone and complete CRM data'),
(540, 26, 'Find telephone and complete CRM data'),
(541, 27, 'Find telephone and complete CRM data'),
(542, 30, 'Find telephone and complete CRM data'),
(543, 31, 'Find telephone and complete CRM data'),
(544, 32, 'Find telephone and complete CRM data'),
(545, 33, 'Find telephone and complete CRM data'),
(546, 34, 'Find telephone and complete CRM data'),
(547, 37, 'Find telephone and complete CRM data'),
(548, 38, 'Find telephone and complete CRM data'),
(549, 39, 'Find telephone and complete CRM data'),
(550, 40, 'Find telephone and complete CRM data'),
(551, 42, 'Find telephone and complete CRM data'),
(552, 43, 'Find telephone and complete CRM data'),
(553, 44, 'Find telephone and complete CRM data'),
(554, 45, 'Find telephone and complete CRM data'),
(555, 47, 'Find telephone and complete CRM data'),
(556, 49, 'Find telephone and complete CRM data'),
(557, 50, 'Find telephone and complete CRM data'),
(558, 51, 'Find telephone and complete CRM data'),
(559, 52, 'Find telephone and complete CRM data'),
(560, 53, 'Find telephone and complete CRM data'),
(561, 54, 'Find telephone and complete CRM data'),
(562, 55, 'Find telephone and complete CRM data'),
(563, 56, 'Find telephone and complete CRM data'),
(564, 57, 'Find telephone and complete CRM data'),
(565, 58, 'Find telephone and complete CRM data'),
(566, 59, 'Find telephone and complete CRM data'),
(567, 61, 'Find telephone and complete CRM data'),
(568, 64, 'Find telephone and complete CRM data'),
(569, 65, 'Find telephone and complete CRM data'),
(570, 66, 'Find telephone and complete CRM data'),
(571, 67, 'Find telephone and complete CRM data'),
(572, 69, 'Find telephone and complete CRM data'),
(573, 70, 'Find telephone and complete CRM data'),
(574, 71, 'Find telephone and complete CRM data'),
(575, 72, 'Find telephone and complete CRM data'),
(576, 73, 'Find telephone and complete CRM data'),
(577, 74, 'Find telephone and complete CRM data'),
(578, 75, 'Find telephone and complete CRM data'),
(579, 76, 'Find telephone and complete CRM data'),
(580, 77, 'Find telephone and complete CRM data'),
(581, 78, 'Find telephone and complete CRM data'),
(582, 79, 'Find telephone and complete CRM data'),
(583, 80, 'Find telephone and complete CRM data'),
(584, 81, 'Find telephone and complete CRM data'),
(585, 82, 'Find telephone and complete CRM data'),
(586, 83, 'Find telephone and complete CRM data'),
(587, 84, 'Find telephone and complete CRM data'),
(588, 85, 'Find telephone and complete CRM data'),
(589, 86, 'Find telephone and complete CRM data'),
(590, 87, 'Find telephone and complete CRM data'),
(591, 88, 'Find telephone and complete CRM data'),
(592, 89, 'Find telephone and complete CRM data'),
(593, 90, 'Find telephone and complete CRM data'),
(594, 91, 'Find telephone and complete CRM data'),
(595, 92, 'Find telephone and complete CRM data'),
(596, 93, 'Find telephone and complete CRM data'),
(597, 94, 'Find telephone and complete CRM data'),
(598, 95, 'Find telephone and complete CRM data'),
(599, 96, 'Find telephone and complete CRM data'),
(600, 1, 'Find telephone and complete CRM data'),
(601, 3, 'Find telephone and complete CRM data'),
(602, 4, 'Find telephone and complete CRM data'),
(603, 5, 'Find telephone and complete CRM data'),
(604, 6, 'Find telephone and complete CRM data'),
(605, 7, 'Find telephone and complete CRM data'),
(606, 8, 'Find telephone and complete CRM data'),
(607, 9, 'Find telephone and complete CRM data'),
(608, 10, 'Find telephone and complete CRM data'),
(609, 11, 'Find telephone and complete CRM data'),
(610, 1, 'Find telephone and complete CRM data'),
(611, 3, 'Find telephone and complete CRM data'),
(612, 4, 'Find telephone and complete CRM data'),
(613, 5, 'Find telephone and complete CRM data'),
(614, 6, 'Find telephone and complete CRM data'),
(615, 7, 'Find telephone and complete CRM data'),
(616, 8, 'Find telephone and complete CRM data'),
(617, 9, 'Find telephone and complete CRM data'),
(618, 10, 'Find telephone and complete CRM data'),
(619, 11, 'Find telephone and complete CRM data'),
(620, 1, 'Find telephone and complete CRM data'),
(621, 3, 'Find telephone and complete CRM data'),
(622, 4, 'Find telephone and complete CRM data'),
(623, 5, 'Find telephone and complete CRM data'),
(624, 6, 'Find telephone and complete CRM data'),
(625, 7, 'Find telephone and complete CRM data'),
(626, 8, 'Find telephone and complete CRM data'),
(627, 9, 'Find telephone and complete CRM data'),
(628, 10, 'Find telephone and complete CRM data'),
(629, 11, 'Find telephone and complete CRM data'),
(630, 12, 'Find telephone and complete CRM data'),
(631, 14, 'Find telephone and complete CRM data'),
(632, 15, 'Find telephone and complete CRM data'),
(633, 17, 'Find telephone and complete CRM data'),
(634, 18, 'Find telephone and complete CRM data'),
(635, 19, 'Find telephone and complete CRM data'),
(636, 21, 'Find telephone and complete CRM data'),
(637, 24, 'Find telephone and complete CRM data'),
(638, 25, 'Find telephone and complete CRM data'),
(639, 26, 'Find telephone and complete CRM data'),
(640, 27, 'Find telephone and complete CRM data'),
(641, 28, 'Find telephone and complete CRM data'),
(642, 29, 'Find telephone and complete CRM data'),
(643, 30, 'Find telephone and complete CRM data'),
(644, 31, 'Find telephone and complete CRM data'),
(645, 34, 'Find telephone and complete CRM data'),
(646, 35, 'Find telephone and complete CRM data'),
(647, 36, 'Find telephone and complete CRM data'),
(648, 37, 'Find telephone and complete CRM data'),
(649, 38, 'Find telephone and complete CRM data'),
(650, 41, 'Find telephone and complete CRM data'),
(651, 42, 'Find telephone and complete CRM data'),
(652, 43, 'Find telephone and complete CRM data'),
(653, 44, 'Find telephone and complete CRM data'),
(654, 45, 'Find telephone and complete CRM data'),
(655, 48, 'Find telephone and complete CRM data'),
(656, 49, 'Find telephone and complete CRM data'),
(657, 50, 'Find telephone and complete CRM data'),
(658, 51, 'Find telephone and complete CRM data'),
(659, 53, 'Find telephone and complete CRM data'),
(660, 54, 'Find telephone and complete CRM data'),
(661, 55, 'Find telephone and complete CRM data'),
(662, 56, 'Find telephone and complete CRM data'),
(663, 58, 'Find telephone and complete CRM data'),
(664, 60, 'Find telephone and complete CRM data'),
(665, 61, 'Find telephone and complete CRM data'),
(666, 62, 'Find telephone and complete CRM data'),
(667, 63, 'Find telephone and complete CRM data'),
(668, 64, 'Find telephone and complete CRM data'),
(669, 65, 'Find telephone and complete CRM data'),
(670, 66, 'Find telephone and complete CRM data'),
(671, 67, 'Find telephone and complete CRM data'),
(672, 68, 'Find telephone and complete CRM data'),
(673, 69, 'Find telephone and complete CRM data'),
(674, 70, 'Find telephone and complete CRM data'),
(675, 72, 'Find telephone and complete CRM data'),
(676, 75, 'Find telephone and complete CRM data'),
(677, 76, 'Find telephone and complete CRM data'),
(678, 77, 'Find telephone and complete CRM data'),
(679, 78, 'Find telephone and complete CRM data'),
(680, 80, 'Find telephone and complete CRM data'),
(681, 81, 'Find telephone and complete CRM data'),
(682, 82, 'Find telephone and complete CRM data'),
(683, 83, 'Find telephone and complete CRM data'),
(684, 84, 'Find telephone and complete CRM data'),
(685, 85, 'Find telephone and complete CRM data'),
(686, 86, 'Find telephone and complete CRM data'),
(687, 87, 'Find telephone and complete CRM data'),
(688, 88, 'Find telephone and complete CRM data'),
(689, 89, 'Find telephone and complete CRM data'),
(690, 90, 'Find telephone and complete CRM data'),
(691, 91, 'Find telephone and complete CRM data'),
(692, 92, 'Find telephone and complete CRM data'),
(693, 93, 'Find telephone and complete CRM data'),
(694, 94, 'Find telephone and complete CRM data'),
(695, 95, 'Find telephone and complete CRM data'),
(696, 96, 'Find telephone and complete CRM data'),
(697, 97, 'Find telephone and complete CRM data'),
(698, 98, 'Find telephone and complete CRM data'),
(699, 99, 'Find telephone and complete CRM data'),
(700, 100, 'Find telephone and complete CRM data'),
(701, 101, 'Find telephone and complete CRM data'),
(702, 102, 'Find telephone and complete CRM data'),
(703, 103, 'Find telephone and complete CRM data'),
(704, 104, 'Find telephone and complete CRM data'),
(705, 105, 'Find telephone and complete CRM data'),
(706, 106, 'Find telephone and complete CRM data'),
(707, 107, 'Find telephone and complete CRM data');

-- --------------------------------------------------------

--
-- Table structure for table `users`
--

DROP TABLE IF EXISTS `users`;
CREATE TABLE IF NOT EXISTS `users` (
  `id` int(11) NOT NULL AUTO_INCREMENT,
  `username` varchar(255) CHARACTER SET utf32 COLLATE utf32_unicode_ci NOT NULL,
  `apikey` varchar(255) CHARACTER SET utf32 COLLATE utf32_unicode_ci NOT NULL,
  `password` varchar(255) CHARACTER SET utf32 COLLATE utf32_unicode_ci NOT NULL,
  `name` varchar(255) CHARACTER SET utf32 COLLATE utf32_unicode_ci NOT NULL,
  `status` tinyint(1) NOT NULL,
  `roleId` int(11) NOT NULL,
  PRIMARY KEY (`id`)
) ENGINE=MyISAM DEFAULT CHARSET=utf32 COLLATE=utf32_unicode_ci;
COMMIT;

/*!40101 SET CHARACTER_SET_CLIENT=@OLD_CHARACTER_SET_CLIENT */;
/*!40101 SET CHARACTER_SET_RESULTS=@OLD_CHARACTER_SET_RESULTS */;
/*!40101 SET COLLATION_CONNECTION=@OLD_COLLATION_CONNECTION */;
